[  0. -10.  -5.   0.   5.  10.  15.  20.  25.  30.  35.  40.  45.  50.
  55.  60.  65.  70.  75.  80.  85.  90.  95. 100. 105. 110. 115. 120.
 125. 130. 135. 140. 145. 150. 155. 160. 165. 170. 175. 180. 185. 190.
 195. 200. 205. 210. 215. 220. 225. 230. 235. 240. 245. 250. 255. 260.
 265. 270. 275. 280. 285. 290.][-6.75e+02 -3.90e-02 -4.00e-02 -4.10e-02 -4.20e-02 -4.20e-02 -4.30e-02
 -4.40e-02 -4.40e-02 -4.40e-02 -4.50e-02 -4.50e-02 -4.50e-02 -4.50e-02
 -4.50e-02 -4.50e-02 -4.40e-02 -4.40e-02 -4.40e-02 -4.30e-02 -4.30e-02
 -4.20e-02 -4.10e-02 -4.00e-02 -3.90e-02 -3.80e-02 -3.70e-02 -3.60e-02
 -3.40e-02 -3.20e-02 -3.00e-02 -2.90e-02 -2.70e-02 -2.50e-02 -2.30e-02
 -2.10e-02 -1.90e-02 -1.70e-02 -1.60e-02 -1.40e-02 -1.20e-02 -1.10e-02
 -9.00e-03 -8.00e-03 -7.00e-03 -6.00e-03 -5.00e-03 -4.00e-03 -4.00e-03
 -3.00e-03 -3.00e-03 -2.00e-03 -2.00e-03 -1.00e-03 -1.00e-03 -1.00e-03
 -0.00e+00 -0.00e+00 -0.00e+00 -0.00e+00  0.00e+00  0.00e+00][-6.7e+02 -4.4e-02 -4.5e-02 -4.6e-02 -4.7e-02 -4.8e-02 -4.8e-02 -4.9e-02
 -4.9e-02 -5.0e-02 -5.0e-02 -5.0e-02 -5.0e-02 -5.0e-02 -5.0e-02 -5.0e-02
 -5.0e-02 -5.0e-02 -4.9e-02 -4.9e-02 -4.8e-02 -4.7e-02 -4.7e-02 -4.6e-02
 -4.4e-02 -4.3e-02 -4.2e-02 -4.0e-02 -3.8e-02 -3.6e-02 -3.4e-02 -3.2e-02
 -3.0e-02 -2.8e-02 -2.5e-02 -2.3e-02 -2.1e-02 -1.9e-02 -1.7e-02 -1.5e-02
 -1.3e-02 -1.2e-02 -1.0e-02 -9.0e-03 -7.0e-03 -6.0e-03 -5.0e-03 -5.0e-03
 -4.0e-03 -3.0e-03 -2.0e-03 -2.0e-03 -2.0e-03 -1.0e-03 -1.0e-03 -1.0e-03
 -0.0e+00 -0.0e+00 -0.0e+00 -0.0e+00  0.0e+00  0.0e+00][-6.65e+02 -5.00e-02 -5.10e-02 -5.20e-02 -5.30e-02 -5.40e-02 -5.50e-02
 -5.60e-02 -5.60e-02 -5.70e-02 -5.70e-02 -5.70e-02 -5.70e-02 -5.70e-02
 -5.70e-02 -5.70e-02 -5.70e-02 -5.60e-02 -5.60e-02 -5.60e-02 -5.50e-02
 -5.40e-02 -5.30e-02 -5.20e-02 -5.10e-02 -4.90e-02 -4.70e-02 -4.50e-02
 -4.30e-02 -4.10e-02 -3.90e-02 -3.60e-02 -3.40e-02 -3.10e-02 -2.80e-02
 -2.60e-02 -2.40e-02 -2.10e-02 -1.80e-02 -1.60e-02 -1.40e-02 -1.20e-02
 -1.10e-02 -9.00e-03 -8.00e-03 -7.00e-03 -5.00e-03 -5.00e-03 -4.00e-03
 -3.00e-03 -2.00e-03 -2.00e-03 -2.00e-03 -1.00e-03 -1.00e-03 -0.00e+00
 -0.00e+00  0.00e+00 -0.00e+00 -0.00e+00  0.00e+00  0.00e+00][-6.6e+02 -5.7e-02 -5.8e-02 -6.0e-02 -6.1e-02 -6.2e-02 -6.3e-02 -6.4e-02
 -6.4e-02 -6.5e-02 -6.5e-02 -6.5e-02 -6.5e-02 -6.5e-02 -6.5e-02 -6.5e-02
 -6.5e-02 -6.4e-02 -6.4e-02 -6.3e-02 -6.3e-02 -6.2e-02 -6.1e-02 -5.9e-02
 -5.8e-02 -5.6e-02 -5.4e-02 -5.2e-02 -4.9e-02 -4.7e-02 -4.4e-02 -4.1e-02
 -3.9e-02 -3.5e-02 -3.2e-02 -2.8e-02 -2.6e-02 -2.3e-02 -2.0e-02 -1.7e-02
 -1.5e-02 -1.3e-02 -1.1e-02 -9.0e-03 -8.0e-03 -7.0e-03 -6.0e-03 -5.0e-03
 -4.0e-03 -3.0e-03 -2.0e-03 -2.0e-03 -1.0e-03 -1.0e-03 -1.0e-03 -0.0e+00
 -0.0e+00 -0.0e+00 -0.0e+00  0.0e+00  0.0e+00  0.0e+00][-6.55e+02 -6.50e-02 -6.70e-02 -6.80e-02 -7.00e-02 -7.10e-02 -7.20e-02
 -7.30e-02 -7.30e-02 -7.40e-02 -7.40e-02 -7.40e-02 -7.50e-02 -7.50e-02
 -7.50e-02 -7.40e-02 -7.40e-02 -7.40e-02 -7.30e-02 -7.30e-02 -7.20e-02
 -7.10e-02 -7.00e-02 -6.80e-02 -6.60e-02 -6.40e-02 -6.20e-02 -5.90e-02
 -5.70e-02 -5.30e-02 -5.00e-02 -4.60e-02 -4.40e-02 -4.00e-02 -3.50e-02
 -3.10e-02 -2.90e-02 -2.50e-02 -2.10e-02 -1.90e-02 -1.60e-02 -1.40e-02
 -1.20e-02 -1.00e-02 -8.00e-03 -7.00e-03 -5.00e-03 -4.00e-03 -4.00e-03
 -3.00e-03 -2.00e-03 -2.00e-03 -1.00e-03 -1.00e-03 -0.00e+00 -0.00e+00
 -0.00e+00  0.00e+00  0.00e+00  0.00e+00  0.00e+00  0.00e+00][-6.5e+02 -7.5e-02 -7.7e-02 -7.9e-02 -8.0e-02 -8.2e-02 -8.3e-02 -8.4e-02
 -8.5e-02 -8.5e-02 -8.5e-02 -8.6e-02 -8.6e-02 -8.6e-02 -8.6e-02 -8.5e-02
 -8.5e-02 -8.5e-02 -8.4e-02 -8.3e-02 -8.3e-02 -8.2e-02 -8.0e-02 -7.9e-02
 -7.7e-02 -7.4e-02 -7.2e-02 -6.8e-02 -6.5e-02 -6.1e-02 -5.7e-02 -5.3e-02
 -4.9e-02 -4.5e-02 -3.9e-02 -3.5e-02 -3.1e-02 -2.7e-02 -2.3e-02 -2.0e-02
 -1.7e-02 -1.4e-02 -1.2e-02 -1.0e-02 -8.0e-03 -6.0e-03 -5.0e-03 -4.0e-03
 -3.0e-03 -3.0e-03 -2.0e-03 -1.0e-03 -1.0e-03 -1.0e-03 -0.0e+00 -0.0e+00
 -0.0e+00  0.0e+00  0.0e+00  0.0e+00  0.0e+00  0.0e+00][-6.45e+02 -8.60e-02 -8.90e-02 -9.10e-02 -9.30e-02 -9.50e-02 -9.60e-02
 -9.70e-02 -9.80e-02 -9.80e-02 -9.90e-02 -9.90e-02 -9.90e-02 -9.90e-02
 -9.90e-02 -9.90e-02 -9.80e-02 -9.80e-02 -9.70e-02 -9.60e-02 -9.60e-02
 -9.40e-02 -9.30e-02 -9.10e-02 -8.90e-02 -8.60e-02 -8.30e-02 -7.90e-02
 -7.50e-02 -7.00e-02 -6.50e-02 -6.00e-02 -5.60e-02 -5.00e-02 -4.40e-02
 -3.90e-02 -3.40e-02 -2.90e-02 -2.50e-02 -2.10e-02 -1.70e-02 -1.40e-02
 -1.20e-02 -1.00e-02 -8.00e-03 -6.00e-03 -5.00e-03 -4.00e-03 -3.00e-03
 -2.00e-03 -2.00e-03 -1.00e-03 -1.00e-03 -0.00e+00 -0.00e+00 -0.00e+00
  0.00e+00  0.00e+00  0.00e+00  0.00e+00  0.00e+00  0.00e+00][-6.40e+02 -1.01e-01 -1.04e-01 -1.06e-01 -1.08e-01 -1.10e-01 -1.12e-01
 -1.13e-01 -1.13e-01 -1.14e-01 -1.14e-01 -1.15e-01 -1.15e-01 -1.15e-01
 -1.15e-01 -1.14e-01 -1.14e-01 -1.14e-01 -1.13e-01 -1.12e-01 -1.11e-01
 -1.10e-01 -1.08e-01 -1.06e-01 -1.04e-01 -1.00e-01 -9.70e-02 -9.20e-02
 -8.70e-02 -8.20e-02 -7.50e-02 -6.90e-02 -6.40e-02 -5.70e-02 -4.90e-02
 -4.30e-02 -3.70e-02 -3.10e-02 -2.60e-02 -2.20e-02 -1.80e-02 -1.50e-02
 -1.20e-02 -9.00e-03 -7.00e-03 -6.00e-03 -4.00e-03 -3.00e-03 -2.00e-03
 -2.00e-03 -1.00e-03 -1.00e-03 -0.00e+00 -0.00e+00 -0.00e+00  0.00e+00
  0.00e+00  0.00e+00  0.00e+00  0.00e+00  0.00e+00  0.00e+00][-6.35e+02 -1.18e-01 -1.22e-01 -1.25e-01 -1.27e-01 -1.29e-01 -1.31e-01
 -1.32e-01 -1.33e-01 -1.33e-01 -1.34e-01 -1.34e-01 -1.34e-01 -1.34e-01
 -1.34e-01 -1.34e-01 -1.33e-01 -1.33e-01 -1.32e-01 -1.31e-01 -1.30e-01
 -1.29e-01 -1.27e-01 -1.24e-01 -1.22e-01 -1.18e-01 -1.14e-01 -1.08e-01
 -1.02e-01 -9.50e-02 -8.70e-02 -7.90e-02 -7.30e-02 -6.40e-02 -5.50e-02
 -4.70e-02 -4.10e-02 -3.30e-02 -2.70e-02 -2.20e-02 -1.80e-02 -1.40e-02
 -1.10e-02 -9.00e-03 -7.00e-03 -5.00e-03 -4.00e-03 -3.00e-03 -2.00e-03
 -1.00e-03 -1.00e-03 -0.00e+00 -0.00e+00 -0.00e+00  0.00e+00  0.00e+00
  0.00e+00  0.00e+00  0.00e+00  0.00e+00  0.00e+00  1.00e-03][-6.300e+02 -1.400e-01 -1.440e-01 -1.480e-01 -1.510e-01 -1.530e-01
 -1.550e-01 -1.560e-01 -1.570e-01 -1.570e-01 -1.580e-01 -1.580e-01
 -1.580e-01 -1.580e-01 -1.580e-01 -1.580e-01 -1.570e-01 -1.570e-01
 -1.560e-01 -1.560e-01 -1.550e-01 -1.530e-01 -1.510e-01 -1.490e-01
 -1.450e-01 -1.410e-01 -1.350e-01 -1.293e-01 -1.210e-01 -1.120e-01
 -1.030e-01 -9.300e-02 -8.400e-02 -7.300e-02 -6.200e-02 -5.200e-02
 -4.400e-02 -3.500e-02 -2.800e-02 -2.200e-02 -1.700e-02 -1.300e-02
 -1.000e-02 -7.000e-03 -5.000e-03 -4.000e-03 -3.000e-03 -2.000e-03
 -1.000e-03 -0.000e+00 -0.000e+00 -0.000e+00  0.000e+00  0.000e+00
  0.000e+00  0.000e+00  0.000e+00  0.000e+00  1.000e-03  1.000e-03
  1.000e-03  1.000e-03][-6.25e+02 -1.68e-01 -1.73e-01 -1.77e-01 -1.80e-01 -1.83e-01 -1.84e-01
 -1.86e-01 -1.87e-01 -1.87e-01 -1.88e-01 -1.88e-01 -1.88e-01 -1.88e-01
 -1.88e-01 -1.88e-01 -1.88e-01 -1.88e-01 -1.87e-01 -1.86e-01 -1.85e-01
 -1.84e-01 -1.82e-01 -1.79e-01 -1.75e-01 -1.70e-01 -1.63e-01 -1.55e-01
 -1.45e-01 -1.34e-01 -1.21e-01 -1.08e-01 -9.70e-02 -8.30e-02 -6.90e-02
 -5.70e-02 -4.70e-02 -3.60e-02 -2.80e-02 -2.10e-02 -1.50e-02 -1.10e-02
 -8.00e-03 -5.00e-03 -4.00e-03 -2.00e-03 -1.00e-03 -1.00e-03 -0.00e+00
 -0.00e+00  0.00e+00  0.00e+00  0.00e+00  0.00e+00  1.00e-03  1.00e-03
  1.00e-03  1.00e-03  1.00e-03  1.00e-03  1.00e-03  1.00e-03][-6.20e+02 -2.04e-01 -2.10e-01 -2.15e-01 -2.19e-01 -2.21e-01 -2.23e-01
 -2.25e-01 -2.26e-01 -2.26e-01 -2.27e-01 -2.27e-01 -2.28e-01 -2.28e-01
 -2.28e-01 -2.28e-01 -2.28e-01 -2.27e-01 -2.27e-01 -2.26e-01 -2.25e-01
 -2.24e-01 -2.21e-01 -2.18e-01 -2.14e-01 -2.08e-01 -2.00e-01 -1.89e-01
 -1.77e-01 -1.62e-01 -1.45e-01 -1.27e-01 -1.13e-01 -9.50e-02 -7.70e-02
 -6.20e-02 -4.90e-02 -3.70e-02 -2.70e-02 -1.90e-02 -1.20e-02 -8.00e-03
 -5.00e-03 -3.00e-03 -1.00e-03 -0.00e+00  0.00e+00  0.00e+00  0.00e+00
  1.00e-03  1.00e-03  1.00e-03  1.00e-03  1.00e-03  1.00e-03  1.00e-03
  1.00e-03  1.00e-03  1.00e-03  1.00e-03  1.00e-03  1.00e-03][-6.15e+02 -2.54e-01 -2.61e-01 -2.67e-01 -2.71e-01 -2.73e-01 -2.75e-01
 -2.77e-01 -2.78e-01 -2.79e-01 -2.80e-01 -2.80e-01 -2.81e-01 -2.81e-01
 -2.81e-01 -2.81e-01 -2.81e-01 -2.80e-01 -2.80e-01 -2.79e-01 -2.79e-01
 -2.77e-01 -2.75e-01 -2.71e-01 -2.67e-01 -2.60e-01 -2.50e-01 -2.36e-01
 -2.20e-01 -1.99e-01 -1.76e-01 -1.52e-01 -1.32e-01 -1.08e-01 -8.50e-02
 -6.60e-02 -5.00e-02 -3.50e-02 -2.30e-02 -1.40e-02 -7.00e-03 -3.00e-03
 -0.00e+00  0.00e+00  1.00e-03  1.00e-03  2.00e-03  2.00e-03  2.00e-03
  2.00e-03  2.00e-03  2.00e-03  2.00e-03  2.00e-03  1.00e-03  1.00e-03
  1.00e-03  1.00e-03  1.00e-03  1.00e-03  1.00e-03  1.00e-03][-6.10e+02 -3.23e-01 -3.32e-01 -3.38e-01 -3.43e-01 -3.46e-01 -3.48e-01
 -3.50e-01 -3.51e-01 -3.52e-01 -3.53e-01 -3.53e-01 -3.54e-01 -3.54e-01
 -3.54e-01 -3.54e-01 -3.54e-01 -3.54e-01 -3.54e-01 -3.54e-01 -3.53e-01
 -3.52e-01 -3.50e-01 -3.46e-01 -3.41e-01 -3.33e-01 -3.21e-01 -3.03e-01
 -2.79e-01 -2.49e-01 -2.16e-01 -1.82e-01 -1.54e-01 -1.23e-01 -9.40e-02
 -7.00e-02 -4.90e-02 -3.10e-02 -1.70e-02 -6.00e-03  0.00e+00  4.00e-03
  5.00e-03  6.00e-03  5.00e-03  5.00e-03  4.00e-03  4.00e-03  3.00e-03
  3.00e-03  3.00e-03  2.00e-03  2.00e-03  2.00e-03  2.00e-03  2.00e-03
  2.00e-03  2.00e-03  2.00e-03  2.00e-03  2.00e-03  2.00e-03][-6.05e+02 -4.24e-01 -4.36e-01 -4.43e-01 -4.48e-01 -4.51e-01 -4.54e-01
 -4.55e-01 -4.57e-01 -4.57e-01 -4.58e-01 -4.59e-01 -4.60e-01 -4.60e-01
 -4.61e-01 -4.61e-01 -4.62e-01 -4.61e-01 -4.62e-01 -4.61e-01 -4.61e-01
 -4.60e-01 -4.59e-01 -4.56e-01 -4.51e-01 -4.42e-01 -4.26e-01 -4.01e-01
 -3.65e-01 -3.18e-01 -2.68e-01 -2.20e-01 -1.81e-01 -1.40e-01 -1.03e-01
 -7.30e-02 -4.50e-02 -2.20e-02 -5.00e-03  6.00e-03  1.20e-02  1.50e-02
  1.50e-02  1.30e-02  1.10e-02  9.00e-03  7.00e-03  6.00e-03  5.00e-03
  4.00e-03  4.00e-03  3.00e-03  3.00e-03  3.00e-03  2.00e-03  2.00e-03
  2.00e-03  2.00e-03  2.00e-03  2.00e-03  2.00e-03  2.00e-03][-6.00e+02 -5.79e-01 -5.93e-01 -6.01e-01 -6.07e-01 -6.10e-01 -6.13e-01
 -6.15e-01 -6.17e-01 -6.18e-01 -6.19e-01 -6.19e-01 -6.20e-01 -6.21e-01
 -6.21e-01 -6.22e-01 -6.23e-01 -6.23e-01 -6.24e-01 -6.24e-01 -6.25e-01
 -6.25e-01 -6.24e-01 -6.20e-01 -6.16e-01 -6.07e-01 -5.88e-01 -5.50e-01
 -4.90e-01 -4.13e-01 -3.36e-01 -2.65e-01 -2.11e-01 -1.58e-01 -1.12e-01
 -7.40e-02 -3.70e-02 -7.00e-03  1.40e-02  2.60e-02  3.20e-02  3.20e-02
  2.80e-02  2.20e-02  1.70e-02  1.30e-02  1.00e-02  8.00e-03  7.00e-03
  6.00e-03  5.00e-03  4.00e-03  4.00e-03  3.00e-03  3.00e-03  3.00e-03
  3.00e-03  2.00e-03  2.00e-03  2.00e-03  2.00e-03  2.00e-03][-5.95e+02 -8.07e-01 -8.22e-01 -8.31e-01 -8.36e-01 -8.40e-01 -8.44e-01
 -8.46e-01 -8.49e-01 -8.50e-01 -8.50e-01 -8.50e-01 -8.51e-01 -8.51e-01
 -8.53e-01 -8.53e-01 -8.54e-01 -8.53e-01 -8.54e-01 -8.54e-01 -8.56e-01
 -8.56e-01 -8.56e-01 -8.53e-01 -8.50e-01 -8.40e-01 -8.16e-01 -7.56e-01
 -6.51e-01 -5.26e-01 -4.10e-01 -3.13e-01 -2.41e-01 -1.76e-01 -1.21e-01
 -7.30e-02 -2.70e-02  1.30e-02  4.20e-02  5.40e-02  5.70e-02  5.50e-02
  4.60e-02  3.30e-02  2.40e-02  1.70e-02  1.30e-02  1.00e-02  8.00e-03
  7.00e-03  6.00e-03  5.00e-03  5.00e-03  4.00e-03  4.00e-03  3.00e-03
  3.00e-03  3.00e-03  3.00e-03  2.00e-03  2.00e-03  2.00e-03][-5.900e+02 -1.036e+00 -1.047e+00 -1.056e+00 -1.060e+00 -1.063e+00
 -1.066e+00 -1.068e+00 -1.070e+00 -1.070e+00 -1.070e+00 -1.070e+00
 -1.070e+00 -1.070e+00 -1.070e+00 -1.070e+00 -1.069e+00 -1.068e+00
 -1.068e+00 -1.066e+00 -1.066e+00 -1.066e+00 -1.065e+00 -1.062e+00
 -1.059e+00 -1.049e+00 -1.026e+00 -9.480e-01 -7.970e-01 -6.270e-01
 -4.780e-01 -3.570e-01 -2.680e-01 -1.920e-01 -1.290e-01 -7.300e-02
 -1.900e-02  3.200e-02  6.500e-02  7.600e-02  7.800e-02  7.400e-02
  6.100e-02  4.300e-02  2.900e-02  2.100e-02  1.600e-02  1.200e-02
  1.000e-02  8.000e-03  7.000e-03  6.000e-03  5.000e-03  5.000e-03
  4.000e-03  4.000e-03  3.000e-03  3.000e-03  3.000e-03  3.000e-03
  2.000e-03  2.000e-03][-5.850e+02 -1.137e+00 -1.145e+00 -1.150e+00 -1.153e+00 -1.154e+00
 -1.156e+00 -1.157e+00 -1.157e+00 -1.158e+00 -1.158e+00 -1.157e+00
 -1.157e+00 -1.157e+00 -1.156e+00 -1.156e+00 -1.155e+00 -1.154e+00
 -1.153e+00 -1.152e+00 -1.151e+00 -1.150e+00 -1.148e+00 -1.146e+00
 -1.143e+00 -1.136e+00 -1.115e+00 -1.038e+00 -8.750e-01 -6.890e-01
 -5.240e-01 -3.890e-01 -2.890e-01 -2.050e-01 -1.360e-01 -7.500e-02
 -1.500e-02  4.000e-02  7.400e-02  8.400e-02  8.600e-02  8.200e-02
  6.800e-02  4.800e-02  3.400e-02  2.400e-02  1.800e-02  1.400e-02
  1.100e-02  9.000e-03  8.000e-03  7.000e-03  6.000e-03  5.000e-03
  5.000e-03  4.000e-03  4.000e-03  3.000e-03  3.000e-03  3.000e-03
  3.000e-03  3.000e-03][-5.800e+02 -1.166e+00 -1.173e+00 -1.176e+00 -1.177e+00 -1.179e+00
 -1.179e+00 -1.180e+00 -1.180e+00 -1.181e+00 -1.181e+00 -1.181e+00
 -1.181e+00 -1.180e+00 -1.180e+00 -1.180e+00 -1.179e+00 -1.179e+00
 -1.178e+00 -1.177e+00 -1.176e+00 -1.175e+00 -1.173e+00 -1.172e+00
 -1.169e+00 -1.164e+00 -1.146e+00 -1.072e+00 -9.100e-01 -7.210e-01
 -5.500e-01 -4.100e-01 -3.030e-01 -2.150e-01 -1.420e-01 -7.600e-02
 -1.400e-02  4.300e-02  7.800e-02  8.800e-02  8.900e-02  8.600e-02
  7.200e-02  5.200e-02  3.700e-02  2.700e-02  2.000e-02  1.600e-02
  1.300e-02  1.100e-02  9.000e-03  8.000e-03  7.000e-03  6.000e-03
  5.000e-03  5.000e-03  4.000e-03  4.000e-03  3.000e-03  3.000e-03
  3.000e-03  3.000e-03][-5.750e+02 -1.176e+00 -1.182e+00 -1.185e+00 -1.185e+00 -1.186e+00
 -1.187e+00 -1.187e+00 -1.187e+00 -1.187e+00 -1.188e+00 -1.188e+00
 -1.188e+00 -1.187e+00 -1.187e+00 -1.187e+00 -1.187e+00 -1.186e+00
 -1.186e+00 -1.185e+00 -1.185e+00 -1.184e+00 -1.183e+00 -1.182e+00
 -1.180e+00 -1.176e+00 -1.159e+00 -1.086e+00 -9.240e-01 -7.350e-01
 -5.640e-01 -4.220e-01 -3.120e-01 -2.210e-01 -1.460e-01 -7.900e-02
 -1.400e-02  4.500e-02  8.000e-02  9.000e-02  9.100e-02  8.800e-02
  7.400e-02  5.400e-02  3.900e-02  2.800e-02  2.200e-02  1.700e-02
  1.400e-02  1.200e-02  1.000e-02  8.000e-03  7.000e-03  6.000e-03
  6.000e-03  5.000e-03  5.000e-03  4.000e-03  4.000e-03  3.000e-03
  3.000e-03  3.000e-03][-5.700e+02 -1.183e+00 -1.188e+00 -1.190e+00 -1.191e+00 -1.191e+00
 -1.192e+00 -1.192e+00 -1.193e+00 -1.193e+00 -1.193e+00 -1.193e+00
 -1.193e+00 -1.193e+00 -1.193e+00 -1.193e+00 -1.193e+00 -1.192e+00
 -1.192e+00 -1.192e+00 -1.191e+00 -1.191e+00 -1.190e+00 -1.190e+00
 -1.188e+00 -1.184e+00 -1.167e+00 -1.093e+00 -9.290e-01 -7.410e-01
 -5.700e-01 -4.280e-01 -3.170e-01 -2.250e-01 -1.490e-01 -8.000e-02
 -1.400e-02  4.600e-02  8.200e-02  9.200e-02  9.300e-02  8.900e-02
  7.500e-02  5.500e-02  4.000e-02  3.000e-02  2.300e-02  1.800e-02
  1.500e-02  1.200e-02  1.000e-02  9.000e-03  8.000e-03  7.000e-03
  6.000e-03  5.000e-03  5.000e-03  4.000e-03  4.000e-03  4.000e-03
  3.000e-03  3.000e-03][-5.650e+02 -1.186e+00 -1.191e+00 -1.193e+00 -1.194e+00 -1.195e+00
 -1.196e+00 -1.196e+00 -1.197e+00 -1.197e+00 -1.197e+00 -1.198e+00
 -1.198e+00 -1.198e+00 -1.198e+00 -1.198e+00 -1.198e+00 -1.198e+00
 -1.198e+00 -1.198e+00 -1.197e+00 -1.197e+00 -1.196e+00 -1.196e+00
 -1.194e+00 -1.190e+00 -1.173e+00 -1.097e+00 -9.320e-01 -7.430e-01
 -5.730e-01 -4.320e-01 -3.200e-01 -2.280e-01 -1.510e-01 -8.100e-02
 -1.400e-02  4.700e-02  8.300e-02  9.300e-02  9.400e-02  9.100e-02
  7.600e-02  5.600e-02  4.100e-02  3.100e-02  2.400e-02  1.900e-02
  1.600e-02  1.300e-02  1.100e-02  9.000e-03  8.000e-03  7.000e-03
  6.000e-03  6.000e-03  5.000e-03  5.000e-03  4.000e-03  4.000e-03
  4.000e-03  3.000e-03][-5.600e+02 -1.190e+00 -1.195e+00 -1.197e+00 -1.197e+00 -1.198e+00
 -1.199e+00 -1.199e+00 -1.200e+00 -1.200e+00 -1.200e+00 -1.200e+00
 -1.201e+00 -1.201e+00 -1.201e+00 -1.201e+00 -1.201e+00 -1.201e+00
 -1.201e+00 -1.200e+00 -1.200e+00 -1.200e+00 -1.200e+00 -1.199e+00
 -1.198e+00 -1.194e+00 -1.176e+00 -1.099e+00 -9.320e-01 -7.440e-01
 -5.740e-01 -4.340e-01 -3.220e-01 -2.300e-01 -1.530e-01 -8.200e-02
 -1.500e-02  4.800e-02  8.400e-02  9.400e-02  9.500e-02  9.200e-02
  7.800e-02  5.700e-02  4.200e-02  3.200e-02  2.500e-02  2.000e-02
  1.600e-02  1.400e-02  1.200e-02  1.000e-02  9.000e-03  8.000e-03
  7.000e-03  6.000e-03  5.000e-03  5.000e-03  5.000e-03  4.000e-03
  4.000e-03  4.000e-03][-5.550e+02 -1.194e+00 -1.199e+00 -1.200e+00 -1.201e+00 -1.201e+00
 -1.202e+00 -1.202e+00 -1.202e+00 -1.203e+00 -1.203e+00 -1.203e+00
 -1.203e+00 -1.203e+00 -1.203e+00 -1.203e+00 -1.203e+00 -1.203e+00
 -1.203e+00 -1.203e+00 -1.203e+00 -1.203e+00 -1.203e+00 -1.202e+00
 -1.202e+00 -1.198e+00 -1.181e+00 -1.102e+00 -9.330e-01 -7.450e-01
 -5.750e-01 -4.350e-01 -3.240e-01 -2.320e-01 -1.540e-01 -8.400e-02
 -1.600e-02  4.700e-02  8.500e-02  9.500e-02  9.600e-02  9.200e-02
  7.900e-02  5.800e-02  4.300e-02  3.200e-02  2.500e-02  2.000e-02
  1.700e-02  1.400e-02  1.200e-02  1.000e-02  9.000e-03  8.000e-03
  7.000e-03  6.000e-03  6.000e-03  5.000e-03  5.000e-03  4.000e-03
  4.000e-03  4.000e-03][-5.500e+02 -1.196e+00 -1.201e+00 -1.202e+00 -1.202e+00 -1.203e+00
 -1.203e+00 -1.203e+00 -1.204e+00 -1.204e+00 -1.204e+00 -1.204e+00
 -1.204e+00 -1.204e+00 -1.205e+00 -1.205e+00 -1.205e+00 -1.205e+00
 -1.205e+00 -1.205e+00 -1.205e+00 -1.205e+00 -1.205e+00 -1.206e+00
 -1.205e+00 -1.202e+00 -1.185e+00 -1.106e+00 -9.350e-01 -7.460e-01
 -5.770e-01 -4.360e-01 -3.250e-01 -2.330e-01 -1.550e-01 -8.500e-02
 -1.700e-02  4.700e-02  8.500e-02  9.600e-02  9.700e-02  9.400e-02
  8.000e-02  5.900e-02  4.400e-02  3.300e-02  2.600e-02  2.100e-02
  1.700e-02  1.500e-02  1.300e-02  1.100e-02  1.000e-02  8.000e-03
  7.000e-03  7.000e-03  6.000e-03  5.000e-03  5.000e-03  5.000e-03
  4.000e-03  4.000e-03][-5.450e+02 -1.196e+00 -1.202e+00 -1.203e+00 -1.203e+00 -1.203e+00
 -1.203e+00 -1.204e+00 -1.204e+00 -1.204e+00 -1.204e+00 -1.205e+00
 -1.205e+00 -1.205e+00 -1.206e+00 -1.206e+00 -1.206e+00 -1.206e+00
 -1.207e+00 -1.207e+00 -1.207e+00 -1.208e+00 -1.208e+00 -1.208e+00
 -1.208e+00 -1.205e+00 -1.188e+00 -1.111e+00 -9.410e-01 -7.490e-01
 -5.780e-01 -4.370e-01 -3.260e-01 -2.340e-01 -1.560e-01 -8.600e-02
 -1.800e-02  4.600e-02  8.500e-02  9.600e-02  9.700e-02  9.400e-02
  8.100e-02  6.000e-02  4.400e-02  3.400e-02  2.600e-02  2.100e-02
  1.800e-02  1.500e-02  1.300e-02  1.100e-02  1.000e-02  9.000e-03
  8.000e-03  7.000e-03  6.000e-03  6.000e-03  5.000e-03  5.000e-03
  4.000e-03  4.000e-03][-5.400e+02 -1.199e+00 -1.204e+00 -1.205e+00 -1.205e+00 -1.206e+00
 -1.206e+00 -1.206e+00 -1.206e+00 -1.207e+00 -1.207e+00 -1.207e+00
 -1.208e+00 -1.208e+00 -1.208e+00 -1.209e+00 -1.209e+00 -1.210e+00
 -1.210e+00 -1.210e+00 -1.211e+00 -1.211e+00 -1.212e+00 -1.212e+00
 -1.212e+00 -1.209e+00 -1.193e+00 -1.116e+00 -9.450e-01 -7.520e-01
 -5.800e-01 -4.380e-01 -3.270e-01 -2.350e-01 -1.570e-01 -8.700e-02
 -1.900e-02  4.500e-02  8.500e-02  9.600e-02  9.800e-02  9.400e-02
  8.100e-02  6.100e-02  4.500e-02  3.400e-02  2.700e-02  2.200e-02
  1.800e-02  1.500e-02  1.300e-02  1.100e-02  1.000e-02  9.000e-03
  8.000e-03  7.000e-03  6.000e-03  6.000e-03  5.000e-03  5.000e-03
  5.000e-03  4.000e-03][-5.350e+02 -1.205e+00 -1.210e+00 -1.211e+00 -1.212e+00 -1.212e+00
 -1.212e+00 -1.212e+00 -1.212e+00 -1.212e+00 -1.212e+00 -1.213e+00
 -1.213e+00 -1.213e+00 -1.213e+00 -1.214e+00 -1.214e+00 -1.214e+00
 -1.215e+00 -1.215e+00 -1.215e+00 -1.216e+00 -1.216e+00 -1.217e+00
 -1.217e+00 -1.214e+00 -1.196e+00 -1.117e+00 -9.470e-01 -7.550e-01
 -5.830e-01 -4.410e-01 -3.290e-01 -2.370e-01 -1.580e-01 -8.700e-02
 -1.900e-02  4.500e-02  8.500e-02  9.600e-02  9.800e-02  9.500e-02
  8.200e-02  6.100e-02  4.500e-02  3.400e-02  2.700e-02  2.200e-02
  1.800e-02  1.600e-02  1.300e-02  1.200e-02  1.000e-02  9.000e-03
  8.000e-03  7.000e-03  7.000e-03  6.000e-03  6.000e-03  5.000e-03
  5.000e-03  4.000e-03][-5.300e+02 -1.211e+00 -1.216e+00 -1.217e+00 -1.217e+00 -1.217e+00
 -1.217e+00 -1.218e+00 -1.218e+00 -1.218e+00 -1.218e+00 -1.218e+00
 -1.218e+00 -1.218e+00 -1.218e+00 -1.219e+00 -1.219e+00 -1.219e+00
 -1.219e+00 -1.219e+00 -1.220e+00 -1.220e+00 -1.220e+00 -1.220e+00
 -1.220e+00 -1.217e+00 -1.200e+00 -1.122e+00 -9.510e-01 -7.590e-01
 -5.860e-01 -4.440e-01 -3.310e-01 -2.380e-01 -1.600e-01 -8.800e-02
 -2.000e-02  4.500e-02  8.600e-02  9.700e-02  9.800e-02  9.500e-02
  8.300e-02  6.200e-02  4.600e-02  3.500e-02  2.700e-02  2.200e-02
  1.900e-02  1.600e-02  1.400e-02  1.200e-02  1.100e-02  9.000e-03
  8.000e-03  8.000e-03  7.000e-03  6.000e-03  6.000e-03  5.000e-03
  5.000e-03  4.000e-03][-5.250e+02 -1.215e+00 -1.220e+00 -1.221e+00 -1.221e+00 -1.221e+00
 -1.221e+00 -1.221e+00 -1.221e+00 -1.221e+00 -1.221e+00 -1.221e+00
 -1.221e+00 -1.221e+00 -1.221e+00 -1.221e+00 -1.221e+00 -1.221e+00
 -1.221e+00 -1.221e+00 -1.222e+00 -1.222e+00 -1.222e+00 -1.222e+00
 -1.222e+00 -1.219e+00 -1.202e+00 -1.126e+00 -9.580e-01 -7.640e-01
 -5.910e-01 -4.470e-01 -3.340e-01 -2.400e-01 -1.610e-01 -8.900e-02
 -2.100e-02  4.500e-02  8.500e-02  9.700e-02  9.900e-02  9.500e-02
  8.300e-02  6.200e-02  4.600e-02  3.500e-02  2.800e-02  2.300e-02
  1.900e-02  1.600e-02  1.400e-02  1.200e-02  1.100e-02  1.000e-02
  9.000e-03  8.000e-03  7.000e-03  6.000e-03  6.000e-03  5.000e-03
  5.000e-03  5.000e-03][-5.200e+02 -1.217e+00 -1.222e+00 -1.223e+00 -1.223e+00 -1.223e+00
 -1.223e+00 -1.223e+00 -1.223e+00 -1.223e+00 -1.223e+00 -1.223e+00
 -1.223e+00 -1.223e+00 -1.223e+00 -1.223e+00 -1.223e+00 -1.223e+00
 -1.223e+00 -1.223e+00 -1.224e+00 -1.224e+00 -1.224e+00 -1.225e+00
 -1.224e+00 -1.222e+00 -1.205e+00 -1.129e+00 -9.620e-01 -7.680e-01
 -5.950e-01 -4.510e-01 -3.360e-01 -2.420e-01 -1.620e-01 -9.000e-02
 -2.100e-02  4.400e-02  8.500e-02  9.700e-02  9.900e-02  9.600e-02
  8.300e-02  6.200e-02  4.600e-02  3.500e-02  2.800e-02  2.300e-02
  1.900e-02  1.600e-02  1.400e-02  1.200e-02  1.100e-02  1.000e-02
  9.000e-03  8.000e-03  7.000e-03  7.000e-03  6.000e-03  5.000e-03
  5.000e-03  5.000e-03][-5.150e+02 -1.219e+00 -1.224e+00 -1.225e+00 -1.225e+00 -1.225e+00
 -1.225e+00 -1.225e+00 -1.225e+00 -1.225e+00 -1.225e+00 -1.225e+00
 -1.225e+00 -1.225e+00 -1.225e+00 -1.225e+00 -1.226e+00 -1.226e+00
 -1.226e+00 -1.226e+00 -1.226e+00 -1.227e+00 -1.227e+00 -1.227e+00
 -1.227e+00 -1.224e+00 -1.207e+00 -1.131e+00 -9.630e-01 -7.710e-01
 -5.980e-01 -4.530e-01 -3.380e-01 -2.440e-01 -1.640e-01 -9.100e-02
 -2.200e-02  4.300e-02  8.500e-02  9.700e-02  9.900e-02  9.600e-02
  8.300e-02  6.200e-02  4.600e-02  3.500e-02  2.800e-02  2.300e-02
  1.900e-02  1.600e-02  1.400e-02  1.200e-02  1.100e-02  1.000e-02
  9.000e-03  8.000e-03  7.000e-03  7.000e-03  6.000e-03  6.000e-03
  5.000e-03  5.000e-03][-5.100e+02 -1.221e+00 -1.227e+00 -1.228e+00 -1.228e+00 -1.228e+00
 -1.228e+00 -1.228e+00 -1.228e+00 -1.228e+00 -1.228e+00 -1.228e+00
 -1.228e+00 -1.228e+00 -1.228e+00 -1.228e+00 -1.228e+00 -1.228e+00
 -1.228e+00 -1.229e+00 -1.229e+00 -1.229e+00 -1.229e+00 -1.229e+00
 -1.229e+00 -1.226e+00 -1.210e+00 -1.135e+00 -9.670e-01 -7.750e-01
 -6.010e-01 -4.550e-01 -3.410e-01 -2.450e-01 -1.650e-01 -9.200e-02
 -2.200e-02  4.300e-02  8.500e-02  9.700e-02  9.900e-02  9.600e-02
  8.400e-02  6.200e-02  4.600e-02  3.500e-02  2.800e-02  2.300e-02
  1.900e-02  1.600e-02  1.400e-02  1.300e-02  1.100e-02  1.000e-02
  9.000e-03  8.000e-03  7.000e-03  7.000e-03  6.000e-03  6.000e-03
  5.000e-03  5.000e-03][-5.050e+02 -1.225e+00 -1.231e+00 -1.232e+00 -1.233e+00 -1.233e+00
 -1.233e+00 -1.233e+00 -1.233e+00 -1.233e+00 -1.233e+00 -1.233e+00
 -1.233e+00 -1.233e+00 -1.233e+00 -1.233e+00 -1.233e+00 -1.233e+00
 -1.233e+00 -1.233e+00 -1.233e+00 -1.233e+00 -1.233e+00 -1.233e+00
 -1.233e+00 -1.230e+00 -1.214e+00 -1.141e+00 -9.740e-01 -7.800e-01
 -6.040e-01 -4.580e-01 -3.420e-01 -2.460e-01 -1.660e-01 -9.200e-02
 -2.200e-02  4.400e-02  8.600e-02  9.800e-02  1.000e-01  9.700e-02
  8.400e-02  6.200e-02  4.600e-02  3.500e-02  2.800e-02  2.300e-02
  1.900e-02  1.700e-02  1.400e-02  1.300e-02  1.100e-02  1.000e-02
  9.000e-03  8.000e-03  7.000e-03  7.000e-03  6.000e-03  6.000e-03
  5.000e-03  5.000e-03][-5.000e+02 -1.229e+00 -1.236e+00 -1.237e+00 -1.238e+00 -1.238e+00
 -1.238e+00 -1.238e+00 -1.238e+00 -1.238e+00 -1.238e+00 -1.238e+00
 -1.238e+00 -1.238e+00 -1.238e+00 -1.238e+00 -1.238e+00 -1.238e+00
 -1.238e+00 -1.238e+00 -1.238e+00 -1.238e+00 -1.238e+00 -1.238e+00
 -1.237e+00 -1.234e+00 -1.219e+00 -1.147e+00 -9.790e-01 -7.830e-01
 -6.060e-01 -4.590e-01 -3.420e-01 -2.460e-01 -1.660e-01 -9.200e-02
 -2.200e-02  4.500e-02  8.600e-02  9.800e-02  1.000e-01  9.800e-02
  8.400e-02  6.300e-02  4.600e-02  3.500e-02  2.800e-02  2.300e-02
  1.900e-02  1.700e-02  1.500e-02  1.300e-02  1.100e-02  1.000e-02
  9.000e-03  8.000e-03  8.000e-03  7.000e-03  6.000e-03  6.000e-03
  5.000e-03  5.000e-03][-4.950e+02 -1.230e+00 -1.237e+00 -1.238e+00 -1.239e+00 -1.239e+00
 -1.239e+00 -1.239e+00 -1.239e+00 -1.240e+00 -1.240e+00 -1.240e+00
 -1.240e+00 -1.240e+00 -1.240e+00 -1.240e+00 -1.240e+00 -1.240e+00
 -1.240e+00 -1.240e+00 -1.240e+00 -1.240e+00 -1.240e+00 -1.240e+00
 -1.239e+00 -1.236e+00 -1.221e+00 -1.151e+00 -9.830e-01 -7.860e-01
 -6.070e-01 -4.590e-01 -3.430e-01 -2.470e-01 -1.660e-01 -9.200e-02
 -2.100e-02  4.500e-02  8.700e-02  9.900e-02  1.010e-01  9.800e-02
  8.500e-02  6.300e-02  4.600e-02  3.600e-02  2.800e-02  2.300e-02
  2.000e-02  1.700e-02  1.500e-02  1.300e-02  1.100e-02  1.000e-02
  9.000e-03  8.000e-03  8.000e-03  7.000e-03  6.000e-03  6.000e-03
  6.000e-03  5.000e-03][-4.900e+02 -1.231e+00 -1.237e+00 -1.238e+00 -1.239e+00 -1.239e+00
 -1.240e+00 -1.240e+00 -1.240e+00 -1.240e+00 -1.240e+00 -1.240e+00
 -1.240e+00 -1.241e+00 -1.241e+00 -1.241e+00 -1.241e+00 -1.241e+00
 -1.241e+00 -1.241e+00 -1.241e+00 -1.241e+00 -1.241e+00 -1.241e+00
 -1.240e+00 -1.237e+00 -1.223e+00 -1.153e+00 -9.830e-01 -7.850e-01
 -6.070e-01 -4.590e-01 -3.430e-01 -2.470e-01 -1.660e-01 -9.200e-02
 -2.100e-02  4.600e-02  8.800e-02  9.900e-02  1.010e-01  9.800e-02
  8.500e-02  6.300e-02  4.600e-02  3.600e-02  2.800e-02  2.300e-02
  2.000e-02  1.700e-02  1.500e-02  1.300e-02  1.200e-02  1.000e-02
  9.000e-03  8.000e-03  8.000e-03  7.000e-03  7.000e-03  6.000e-03
  6.000e-03  5.000e-03][-4.850e+02 -1.236e+00 -1.242e+00 -1.244e+00 -1.245e+00 -1.245e+00
 -1.245e+00 -1.245e+00 -1.245e+00 -1.246e+00 -1.246e+00 -1.246e+00
 -1.246e+00 -1.246e+00 -1.247e+00 -1.247e+00 -1.247e+00 -1.247e+00
 -1.247e+00 -1.247e+00 -1.247e+00 -1.248e+00 -1.248e+00 -1.248e+00
 -1.247e+00 -1.245e+00 -1.230e+00 -1.155e+00 -9.810e-01 -7.840e-01
 -6.070e-01 -4.590e-01 -3.430e-01 -2.470e-01 -1.660e-01 -9.200e-02
 -2.000e-02  4.700e-02  8.800e-02  9.900e-02  1.010e-01  9.800e-02
  8.500e-02  6.300e-02  4.700e-02  3.600e-02  2.900e-02  2.300e-02
  2.000e-02  1.700e-02  1.500e-02  1.300e-02  1.200e-02  1.000e-02
  9.000e-03  9.000e-03  8.000e-03  7.000e-03  7.000e-03  6.000e-03
  6.000e-03  5.000e-03][-4.800e+02 -1.240e+00 -1.246e+00 -1.247e+00 -1.248e+00 -1.248e+00
 -1.248e+00 -1.248e+00 -1.248e+00 -1.248e+00 -1.249e+00 -1.249e+00
 -1.249e+00 -1.249e+00 -1.249e+00 -1.250e+00 -1.250e+00 -1.250e+00
 -1.250e+00 -1.250e+00 -1.250e+00 -1.250e+00 -1.250e+00 -1.250e+00
 -1.250e+00 -1.247e+00 -1.233e+00 -1.158e+00 -9.820e-01 -7.850e-01
 -6.070e-01 -4.600e-01 -3.440e-01 -2.480e-01 -1.660e-01 -9.200e-02
 -1.900e-02  4.800e-02  8.900e-02  9.900e-02  1.010e-01  9.800e-02
  8.500e-02  6.300e-02  4.700e-02  3.600e-02  2.900e-02  2.400e-02
  2.000e-02  1.700e-02  1.500e-02  1.300e-02  1.200e-02  1.100e-02
  9.000e-03  9.000e-03  8.000e-03  7.000e-03  7.000e-03  6.000e-03
  6.000e-03  5.000e-03][-4.750e+02 -1.239e+00 -1.245e+00 -1.246e+00 -1.247e+00 -1.247e+00
 -1.247e+00 -1.248e+00 -1.248e+00 -1.248e+00 -1.248e+00 -1.248e+00
 -1.248e+00 -1.249e+00 -1.249e+00 -1.249e+00 -1.249e+00 -1.249e+00
 -1.249e+00 -1.249e+00 -1.249e+00 -1.249e+00 -1.249e+00 -1.249e+00
 -1.248e+00 -1.246e+00 -1.232e+00 -1.158e+00 -9.840e-01 -7.870e-01
 -6.100e-01 -4.620e-01 -3.450e-01 -2.480e-01 -1.660e-01 -9.200e-02
 -2.000e-02  4.800e-02  8.800e-02  9.900e-02  1.010e-01  9.800e-02
  8.400e-02  6.300e-02  4.700e-02  3.600e-02  2.900e-02  2.400e-02
  2.000e-02  1.700e-02  1.500e-02  1.300e-02  1.200e-02  1.100e-02
  1.000e-02  9.000e-03  8.000e-03  7.000e-03  7.000e-03  6.000e-03
  6.000e-03  5.000e-03][-4.700e+02 -1.242e+00 -1.248e+00 -1.250e+00 -1.250e+00 -1.251e+00
 -1.251e+00 -1.251e+00 -1.251e+00 -1.251e+00 -1.252e+00 -1.252e+00
 -1.252e+00 -1.252e+00 -1.252e+00 -1.252e+00 -1.252e+00 -1.252e+00
 -1.252e+00 -1.252e+00 -1.252e+00 -1.252e+00 -1.252e+00 -1.252e+00
 -1.251e+00 -1.249e+00 -1.235e+00 -1.162e+00 -9.880e-01 -7.900e-01
 -6.120e-01 -4.630e-01 -3.460e-01 -2.500e-01 -1.680e-01 -9.200e-02
 -2.000e-02  4.800e-02  8.800e-02  9.900e-02  1.010e-01  9.800e-02
  8.400e-02  6.300e-02  4.700e-02  3.600e-02  2.900e-02  2.400e-02
  2.000e-02  1.700e-02  1.500e-02  1.300e-02  1.200e-02  1.100e-02
  1.000e-02  9.000e-03  8.000e-03  7.000e-03  7.000e-03  6.000e-03
  6.000e-03  5.000e-03][-4.650e+02 -1.245e+00 -1.251e+00 -1.253e+00 -1.254e+00 -1.254e+00
 -1.254e+00 -1.254e+00 -1.255e+00 -1.255e+00 -1.255e+00 -1.255e+00
 -1.255e+00 -1.255e+00 -1.256e+00 -1.256e+00 -1.256e+00 -1.256e+00
 -1.256e+00 -1.256e+00 -1.255e+00 -1.255e+00 -1.255e+00 -1.255e+00
 -1.255e+00 -1.252e+00 -1.238e+00 -1.169e+00 -9.970e-01 -7.960e-01
 -6.160e-01 -4.660e-01 -3.480e-01 -2.510e-01 -1.690e-01 -9.300e-02
 -2.100e-02  4.800e-02  8.900e-02  1.000e-01  1.020e-01  9.900e-02
  8.500e-02  6.300e-02  4.700e-02  3.600e-02  2.900e-02  2.400e-02
  2.000e-02  1.700e-02  1.500e-02  1.300e-02  1.200e-02  1.100e-02
  1.000e-02  9.000e-03  8.000e-03  7.000e-03  7.000e-03  6.000e-03
  6.000e-03  5.000e-03][-4.600e+02 -1.247e+00 -1.253e+00 -1.255e+00 -1.255e+00 -1.256e+00
 -1.256e+00 -1.256e+00 -1.256e+00 -1.257e+00 -1.257e+00 -1.257e+00
 -1.257e+00 -1.257e+00 -1.257e+00 -1.257e+00 -1.257e+00 -1.257e+00
 -1.257e+00 -1.257e+00 -1.257e+00 -1.257e+00 -1.256e+00 -1.256e+00
 -1.255e+00 -1.253e+00 -1.239e+00 -1.170e+00 -1.001e+00 -8.010e-01
 -6.200e-01 -4.690e-01 -3.500e-01 -2.520e-01 -1.690e-01 -9.400e-02
 -2.200e-02  4.700e-02  8.800e-02  1.000e-01  1.010e-01  9.900e-02
  8.500e-02  6.400e-02  4.700e-02  3.600e-02  2.900e-02  2.400e-02
  2.000e-02  1.700e-02  1.500e-02  1.300e-02  1.200e-02  1.100e-02
  1.000e-02  9.000e-03  8.000e-03  7.000e-03  7.000e-03  6.000e-03
  6.000e-03  5.000e-03][-4.550e+02 -1.250e+00 -1.256e+00 -1.258e+00 -1.258e+00 -1.259e+00
 -1.259e+00 -1.259e+00 -1.259e+00 -1.259e+00 -1.260e+00 -1.260e+00
 -1.260e+00 -1.260e+00 -1.260e+00 -1.260e+00 -1.260e+00 -1.260e+00
 -1.259e+00 -1.259e+00 -1.259e+00 -1.259e+00 -1.259e+00 -1.258e+00
 -1.258e+00 -1.255e+00 -1.241e+00 -1.173e+00 -1.005e+00 -8.060e-01
 -6.250e-01 -4.730e-01 -3.530e-01 -2.540e-01 -1.710e-01 -9.600e-02
 -2.300e-02  4.500e-02  8.700e-02  9.900e-02  1.010e-01  9.800e-02
  8.500e-02  6.400e-02  4.700e-02  3.600e-02  2.900e-02  2.400e-02
  2.000e-02  1.700e-02  1.500e-02  1.300e-02  1.200e-02  1.100e-02
  1.000e-02  9.000e-03  8.000e-03  7.000e-03  7.000e-03  6.000e-03
  6.000e-03  6.000e-03][-4.500e+02 -1.252e+00 -1.258e+00 -1.260e+00 -1.260e+00 -1.261e+00
 -1.261e+00 -1.261e+00 -1.261e+00 -1.261e+00 -1.262e+00 -1.262e+00
 -1.262e+00 -1.262e+00 -1.262e+00 -1.262e+00 -1.262e+00 -1.262e+00
 -1.262e+00 -1.261e+00 -1.261e+00 -1.261e+00 -1.261e+00 -1.261e+00
 -1.260e+00 -1.257e+00 -1.243e+00 -1.177e+00 -1.010e+00 -8.110e-01
 -6.290e-01 -4.760e-01 -3.560e-01 -2.560e-01 -1.730e-01 -9.700e-02
 -2.500e-02  4.400e-02  8.800e-02  9.900e-02  1.010e-01  9.900e-02
  8.600e-02  6.500e-02  4.800e-02  3.600e-02  2.900e-02  2.400e-02
  2.000e-02  1.700e-02  1.500e-02  1.300e-02  1.200e-02  1.100e-02
  1.000e-02  9.000e-03  8.000e-03  8.000e-03  7.000e-03  6.000e-03
  6.000e-03  6.000e-03][-4.450e+02 -1.251e+00 -1.257e+00 -1.258e+00 -1.259e+00 -1.260e+00
 -1.260e+00 -1.260e+00 -1.261e+00 -1.261e+00 -1.261e+00 -1.262e+00
 -1.262e+00 -1.262e+00 -1.262e+00 -1.263e+00 -1.263e+00 -1.263e+00
 -1.263e+00 -1.263e+00 -1.263e+00 -1.263e+00 -1.263e+00 -1.263e+00
 -1.262e+00 -1.260e+00 -1.246e+00 -1.182e+00 -1.018e+00 -8.160e-01
 -6.340e-01 -4.800e-01 -3.580e-01 -2.580e-01 -1.740e-01 -9.800e-02
 -2.500e-02  4.400e-02  8.800e-02  1.000e-01  1.020e-01  1.000e-01
  8.700e-02  6.500e-02  4.800e-02  3.700e-02  2.900e-02  2.400e-02
  2.000e-02  1.800e-02  1.500e-02  1.400e-02  1.200e-02  1.100e-02
  1.000e-02  9.000e-03  8.000e-03  8.000e-03  7.000e-03  6.000e-03
  6.000e-03  6.000e-03][-4.400e+02 -1.251e+00 -1.257e+00 -1.259e+00 -1.259e+00 -1.260e+00
 -1.261e+00 -1.261e+00 -1.261e+00 -1.262e+00 -1.262e+00 -1.263e+00
 -1.263e+00 -1.264e+00 -1.264e+00 -1.264e+00 -1.265e+00 -1.265e+00
 -1.265e+00 -1.265e+00 -1.265e+00 -1.265e+00 -1.265e+00 -1.265e+00
 -1.265e+00 -1.262e+00 -1.250e+00 -1.189e+00 -1.025e+00 -8.230e-01
 -6.370e-01 -4.820e-01 -3.600e-01 -2.600e-01 -1.760e-01 -9.900e-02
 -2.600e-02  4.500e-02  8.900e-02  1.010e-01  1.030e-01  1.010e-01
  8.800e-02  6.500e-02  4.800e-02  3.700e-02  2.900e-02  2.400e-02
  2.000e-02  1.800e-02  1.500e-02  1.400e-02  1.200e-02  1.100e-02
  1.000e-02  9.000e-03  8.000e-03  8.000e-03  7.000e-03  6.000e-03
  6.000e-03  6.000e-03][-4.350e+02 -1.255e+00 -1.262e+00 -1.264e+00 -1.265e+00 -1.266e+00
 -1.266e+00 -1.267e+00 -1.267e+00 -1.268e+00 -1.268e+00 -1.268e+00
 -1.268e+00 -1.269e+00 -1.269e+00 -1.269e+00 -1.269e+00 -1.269e+00
 -1.269e+00 -1.269e+00 -1.269e+00 -1.269e+00 -1.269e+00 -1.269e+00
 -1.269e+00 -1.266e+00 -1.253e+00 -1.191e+00 -1.026e+00 -8.250e-01
 -6.390e-01 -4.850e-01 -3.620e-01 -2.610e-01 -1.770e-01 -1.000e-01
 -2.700e-02  4.300e-02  8.800e-02  1.000e-01  1.030e-01  1.000e-01
  8.800e-02  6.500e-02  4.800e-02  3.700e-02  2.900e-02  2.400e-02
  2.000e-02  1.800e-02  1.500e-02  1.400e-02  1.200e-02  1.100e-02
  1.000e-02  9.000e-03  8.000e-03  8.000e-03  7.000e-03  7.000e-03
  6.000e-03  6.000e-03][-4.300e+02 -1.258e+00 -1.265e+00 -1.267e+00 -1.268e+00 -1.269e+00
 -1.269e+00 -1.270e+00 -1.270e+00 -1.270e+00 -1.271e+00 -1.271e+00
 -1.271e+00 -1.271e+00 -1.271e+00 -1.271e+00 -1.271e+00 -1.271e+00
 -1.271e+00 -1.271e+00 -1.271e+00 -1.271e+00 -1.271e+00 -1.271e+00
 -1.270e+00 -1.268e+00 -1.255e+00 -1.194e+00 -1.028e+00 -8.260e-01
 -6.400e-01 -4.860e-01 -3.630e-01 -2.630e-01 -1.780e-01 -1.020e-01
 -2.800e-02  4.200e-02  8.700e-02  1.000e-01  1.020e-01  1.000e-01
  8.700e-02  6.500e-02  4.800e-02  3.700e-02  2.900e-02  2.400e-02
  2.000e-02  1.800e-02  1.500e-02  1.400e-02  1.200e-02  1.100e-02
  1.000e-02  9.000e-03  8.000e-03  8.000e-03  7.000e-03  7.000e-03
  6.000e-03  6.000e-03][-4.250e+02 -1.259e+00 -1.265e+00 -1.267e+00 -1.267e+00 -1.268e+00
 -1.268e+00 -1.269e+00 -1.269e+00 -1.270e+00 -1.270e+00 -1.270e+00
 -1.271e+00 -1.271e+00 -1.271e+00 -1.271e+00 -1.271e+00 -1.271e+00
 -1.272e+00 -1.272e+00 -1.272e+00 -1.272e+00 -1.272e+00 -1.271e+00
 -1.271e+00 -1.269e+00 -1.257e+00 -1.196e+00 -1.030e+00 -8.270e-01
 -6.410e-01 -4.870e-01 -3.640e-01 -2.640e-01 -1.790e-01 -1.030e-01
 -3.000e-02  4.100e-02  8.700e-02  1.000e-01  1.020e-01  1.000e-01
  8.700e-02  6.500e-02  4.800e-02  3.700e-02  2.900e-02  2.400e-02
  2.100e-02  1.800e-02  1.500e-02  1.400e-02  1.200e-02  1.100e-02
  1.000e-02  9.000e-03  8.000e-03  8.000e-03  7.000e-03  7.000e-03
  6.000e-03  6.000e-03][-4.200e+02 -1.255e+00 -1.262e+00 -1.265e+00 -1.266e+00 -1.267e+00
 -1.268e+00 -1.268e+00 -1.269e+00 -1.270e+00 -1.271e+00 -1.271e+00
 -1.272e+00 -1.273e+00 -1.274e+00 -1.274e+00 -1.275e+00 -1.276e+00
 -1.276e+00 -1.277e+00 -1.277e+00 -1.278e+00 -1.278e+00 -1.278e+00
 -1.279e+00 -1.277e+00 -1.265e+00 -1.200e+00 -1.030e+00 -8.280e-01
 -6.430e-01 -4.890e-01 -3.670e-01 -2.660e-01 -1.810e-01 -1.040e-01
 -3.100e-02  3.900e-02  8.400e-02  9.800e-02  1.010e-01  9.900e-02
  8.700e-02  6.600e-02  4.900e-02  3.700e-02  3.000e-02  2.400e-02
  2.100e-02  1.800e-02  1.600e-02  1.400e-02  1.200e-02  1.100e-02
  1.000e-02  9.000e-03  8.000e-03  8.000e-03  7.000e-03  7.000e-03
  6.000e-03  6.000e-03][-4.150e+02 -1.253e+00 -1.261e+00 -1.264e+00 -1.265e+00 -1.266e+00
 -1.267e+00 -1.269e+00 -1.270e+00 -1.271e+00 -1.272e+00 -1.273e+00
 -1.274e+00 -1.275e+00 -1.276e+00 -1.277e+00 -1.278e+00 -1.279e+00
 -1.280e+00 -1.281e+00 -1.282e+00 -1.283e+00 -1.283e+00 -1.284e+00
 -1.285e+00 -1.284e+00 -1.272e+00 -1.206e+00 -1.035e+00 -8.330e-01
 -6.480e-01 -4.930e-01 -3.700e-01 -2.680e-01 -1.830e-01 -1.060e-01
 -3.300e-02  3.700e-02  8.300e-02  9.800e-02  1.010e-01  9.900e-02
  8.700e-02  6.600e-02  4.900e-02  3.800e-02  3.000e-02  2.500e-02
  2.100e-02  1.800e-02  1.600e-02  1.400e-02  1.200e-02  1.100e-02
  1.000e-02  9.000e-03  8.000e-03  8.000e-03  7.000e-03  7.000e-03
  6.000e-03  6.000e-03][-4.100e+02 -1.253e+00 -1.261e+00 -1.264e+00 -1.266e+00 -1.267e+00
 -1.268e+00 -1.269e+00 -1.270e+00 -1.271e+00 -1.272e+00 -1.273e+00
 -1.274e+00 -1.275e+00 -1.276e+00 -1.277e+00 -1.278e+00 -1.279e+00
 -1.280e+00 -1.281e+00 -1.281e+00 -1.282e+00 -1.283e+00 -1.284e+00
 -1.285e+00 -1.283e+00 -1.272e+00 -1.210e+00 -1.043e+00 -8.400e-01
 -6.540e-01 -4.980e-01 -3.740e-01 -2.720e-01 -1.850e-01 -1.080e-01
 -3.500e-02  3.600e-02  8.400e-02  9.900e-02  1.020e-01  1.000e-01
  8.800e-02  6.700e-02  5.000e-02  3.800e-02  3.000e-02  2.500e-02
  2.100e-02  1.800e-02  1.600e-02  1.400e-02  1.200e-02  1.100e-02
  1.000e-02  9.000e-03  8.000e-03  8.000e-03  7.000e-03  7.000e-03
  6.000e-03  6.000e-03][-4.050e+02 -1.258e+00 -1.267e+00 -1.269e+00 -1.271e+00 -1.272e+00
 -1.272e+00 -1.273e+00 -1.274e+00 -1.275e+00 -1.275e+00 -1.276e+00
 -1.277e+00 -1.277e+00 -1.278e+00 -1.279e+00 -1.279e+00 -1.280e+00
 -1.280e+00 -1.280e+00 -1.281e+00 -1.281e+00 -1.282e+00 -1.282e+00
 -1.282e+00 -1.281e+00 -1.270e+00 -1.210e+00 -1.050e+00 -8.490e-01
 -6.620e-01 -5.040e-01 -3.790e-01 -2.750e-01 -1.880e-01 -1.110e-01
 -3.700e-02  3.300e-02  8.200e-02  9.900e-02  1.020e-01  1.000e-01
  8.900e-02  6.800e-02  5.100e-02  3.900e-02  3.100e-02  2.500e-02
  2.100e-02  1.800e-02  1.600e-02  1.400e-02  1.200e-02  1.100e-02
  1.000e-02  9.000e-03  8.000e-03  8.000e-03  7.000e-03  7.000e-03
  6.000e-03  6.000e-03][-4.000e+02 -1.263e+00 -1.273e+00 -1.275e+00 -1.276e+00 -1.276e+00
 -1.276e+00 -1.277e+00 -1.277e+00 -1.278e+00 -1.278e+00 -1.278e+00
 -1.278e+00 -1.278e+00 -1.278e+00 -1.279e+00 -1.279e+00 -1.279e+00
 -1.279e+00 -1.279e+00 -1.278e+00 -1.278e+00 -1.278e+00 -1.278e+00
 -1.277e+00 -1.275e+00 -1.264e+00 -1.210e+00 -1.059e+00 -8.590e-01
 -6.710e-01 -5.120e-01 -3.840e-01 -2.790e-01 -1.920e-01 -1.140e-01
 -4.100e-02  2.900e-02  7.900e-02  9.800e-02  1.020e-01  1.000e-01
  8.900e-02  6.900e-02  5.100e-02  3.900e-02  3.100e-02  2.500e-02
  2.100e-02  1.800e-02  1.600e-02  1.400e-02  1.200e-02  1.100e-02
  1.000e-02  9.000e-03  8.000e-03  8.000e-03  7.000e-03  7.000e-03
  6.000e-03  6.000e-03][-3.950e+02 -1.267e+00 -1.277e+00 -1.280e+00 -1.280e+00 -1.281e+00
 -1.281e+00 -1.281e+00 -1.281e+00 -1.282e+00 -1.282e+00 -1.282e+00
 -1.282e+00 -1.282e+00 -1.283e+00 -1.283e+00 -1.283e+00 -1.283e+00
 -1.283e+00 -1.283e+00 -1.283e+00 -1.282e+00 -1.282e+00 -1.282e+00
 -1.281e+00 -1.279e+00 -1.268e+00 -1.216e+00 -1.069e+00 -8.690e-01
 -6.800e-01 -5.170e-01 -3.880e-01 -2.830e-01 -1.950e-01 -1.160e-01
 -4.300e-02  2.700e-02  7.800e-02  9.700e-02  1.010e-01  1.000e-01
  8.900e-02  7.000e-02  5.200e-02  3.900e-02  3.100e-02  2.500e-02
  2.100e-02  1.800e-02  1.600e-02  1.400e-02  1.200e-02  1.100e-02
  1.000e-02  9.000e-03  9.000e-03  8.000e-03  7.000e-03  7.000e-03
  6.000e-03  6.000e-03][-3.900e+02 -1.272e+00 -1.282e+00 -1.284e+00 -1.285e+00 -1.286e+00
 -1.286e+00 -1.287e+00 -1.287e+00 -1.287e+00 -1.287e+00 -1.287e+00
 -1.288e+00 -1.288e+00 -1.288e+00 -1.288e+00 -1.288e+00 -1.288e+00
 -1.288e+00 -1.288e+00 -1.288e+00 -1.288e+00 -1.288e+00 -1.288e+00
 -1.287e+00 -1.285e+00 -1.274e+00 -1.223e+00 -1.078e+00 -8.790e-01
 -6.870e-01 -5.240e-01 -3.930e-01 -2.860e-01 -1.970e-01 -1.180e-01
 -4.400e-02  2.600e-02  7.600e-02  9.600e-02  1.010e-01  1.000e-01
  9.000e-02  7.000e-02  5.200e-02  3.900e-02  3.100e-02  2.500e-02
  2.100e-02  1.800e-02  1.600e-02  1.400e-02  1.300e-02  1.100e-02
  1.000e-02  9.000e-03  9.000e-03  8.000e-03  7.000e-03  7.000e-03
  6.000e-03  6.000e-03][-3.850e+02 -1.274e+00 -1.284e+00 -1.287e+00 -1.288e+00 -1.289e+00
 -1.289e+00 -1.289e+00 -1.290e+00 -1.290e+00 -1.290e+00 -1.290e+00
 -1.291e+00 -1.291e+00 -1.291e+00 -1.291e+00 -1.291e+00 -1.291e+00
 -1.290e+00 -1.290e+00 -1.290e+00 -1.290e+00 -1.290e+00 -1.289e+00
 -1.289e+00 -1.286e+00 -1.275e+00 -1.226e+00 -1.085e+00 -8.860e-01
 -6.940e-01 -5.300e-01 -3.970e-01 -2.890e-01 -1.990e-01 -1.200e-01
 -4.600e-02  2.400e-02  7.600e-02  9.600e-02  1.010e-01  1.000e-01
  9.000e-02  7.100e-02  5.200e-02  4.000e-02  3.100e-02  2.500e-02
  2.100e-02  1.800e-02  1.600e-02  1.400e-02  1.300e-02  1.100e-02
  1.000e-02  9.000e-03  9.000e-03  8.000e-03  7.000e-03  7.000e-03
  6.000e-03  6.000e-03][-3.800e+02 -1.272e+00 -1.283e+00 -1.285e+00 -1.286e+00 -1.287e+00
 -1.287e+00 -1.287e+00 -1.287e+00 -1.288e+00 -1.288e+00 -1.288e+00
 -1.288e+00 -1.288e+00 -1.288e+00 -1.288e+00 -1.288e+00 -1.288e+00
 -1.288e+00 -1.287e+00 -1.287e+00 -1.287e+00 -1.287e+00 -1.286e+00
 -1.286e+00 -1.283e+00 -1.272e+00 -1.226e+00 -1.092e+00 -8.950e-01
 -7.020e-01 -5.350e-01 -4.010e-01 -2.920e-01 -2.020e-01 -1.220e-01
 -4.800e-02  2.400e-02  7.700e-02  9.700e-02  1.020e-01  1.010e-01
  9.100e-02  7.100e-02  5.300e-02  4.000e-02  3.100e-02  2.600e-02
  2.100e-02  1.800e-02  1.600e-02  1.400e-02  1.300e-02  1.100e-02
  1.000e-02  9.000e-03  9.000e-03  8.000e-03  7.000e-03  7.000e-03
  6.000e-03  6.000e-03][-3.750e+02 -1.267e+00 -1.278e+00 -1.281e+00 -1.282e+00 -1.282e+00
 -1.283e+00 -1.283e+00 -1.283e+00 -1.283e+00 -1.284e+00 -1.284e+00
 -1.284e+00 -1.284e+00 -1.284e+00 -1.284e+00 -1.284e+00 -1.284e+00
 -1.284e+00 -1.284e+00 -1.284e+00 -1.284e+00 -1.283e+00 -1.283e+00
 -1.282e+00 -1.279e+00 -1.269e+00 -1.225e+00 -1.096e+00 -9.000e-01
 -7.070e-01 -5.400e-01 -4.050e-01 -2.950e-01 -2.040e-01 -1.240e-01
 -4.900e-02  2.300e-02  7.700e-02  9.800e-02  1.020e-01  1.010e-01
  9.200e-02  7.200e-02  5.300e-02  4.000e-02  3.100e-02  2.600e-02
  2.100e-02  1.800e-02  1.600e-02  1.400e-02  1.300e-02  1.100e-02
  1.000e-02  9.000e-03  9.000e-03  8.000e-03  7.000e-03  7.000e-03
  6.000e-03  6.000e-03][-3.700e+02 -1.265e+00 -1.278e+00 -1.281e+00 -1.282e+00 -1.282e+00
 -1.283e+00 -1.283e+00 -1.283e+00 -1.284e+00 -1.284e+00 -1.284e+00
 -1.285e+00 -1.285e+00 -1.285e+00 -1.285e+00 -1.285e+00 -1.285e+00
 -1.285e+00 -1.285e+00 -1.285e+00 -1.285e+00 -1.285e+00 -1.284e+00
 -1.283e+00 -1.281e+00 -1.270e+00 -1.226e+00 -1.098e+00 -9.030e-01
 -7.100e-01 -5.430e-01 -4.070e-01 -2.970e-01 -2.060e-01 -1.260e-01
 -5.100e-02  2.100e-02  7.500e-02  9.700e-02  1.020e-01  1.010e-01
  9.100e-02  7.200e-02  5.300e-02  4.000e-02  3.200e-02  2.600e-02
  2.200e-02  1.800e-02  1.600e-02  1.400e-02  1.300e-02  1.100e-02
  1.000e-02  9.000e-03  9.000e-03  8.000e-03  7.000e-03  7.000e-03
  6.000e-03  6.000e-03][-3.650e+02 -1.268e+00 -1.280e+00 -1.284e+00 -1.285e+00 -1.285e+00
 -1.286e+00 -1.286e+00 -1.286e+00 -1.286e+00 -1.287e+00 -1.287e+00
 -1.287e+00 -1.288e+00 -1.288e+00 -1.288e+00 -1.288e+00 -1.288e+00
 -1.288e+00 -1.288e+00 -1.288e+00 -1.288e+00 -1.287e+00 -1.287e+00
 -1.286e+00 -1.284e+00 -1.274e+00 -1.230e+00 -1.101e+00 -9.060e-01
 -7.120e-01 -5.450e-01 -4.100e-01 -2.990e-01 -2.080e-01 -1.280e-01
 -5.300e-02  1.900e-02  7.500e-02  9.700e-02  1.020e-01  1.010e-01
  9.100e-02  7.200e-02  5.300e-02  4.000e-02  3.200e-02  2.600e-02
  2.200e-02  1.800e-02  1.600e-02  1.400e-02  1.300e-02  1.100e-02
  1.000e-02  9.000e-03  9.000e-03  8.000e-03  7.000e-03  7.000e-03
  6.000e-03  6.000e-03][-3.600e+02 -1.272e+00 -1.284e+00 -1.287e+00 -1.288e+00 -1.288e+00
 -1.288e+00 -1.289e+00 -1.289e+00 -1.289e+00 -1.289e+00 -1.289e+00
 -1.289e+00 -1.290e+00 -1.290e+00 -1.290e+00 -1.290e+00 -1.290e+00
 -1.289e+00 -1.289e+00 -1.289e+00 -1.289e+00 -1.289e+00 -1.288e+00
 -1.288e+00 -1.285e+00 -1.276e+00 -1.233e+00 -1.105e+00 -9.090e-01
 -7.140e-01 -5.470e-01 -4.120e-01 -3.010e-01 -2.100e-01 -1.290e-01
 -5.400e-02  1.800e-02  7.300e-02  9.600e-02  1.020e-01  1.010e-01
  9.200e-02  7.200e-02  5.300e-02  4.000e-02  3.200e-02  2.600e-02
  2.200e-02  1.800e-02  1.600e-02  1.400e-02  1.300e-02  1.100e-02
  1.000e-02  9.000e-03  9.000e-03  8.000e-03  7.000e-03  7.000e-03
  6.000e-03  6.000e-03][-3.550e+02 -1.278e+00 -1.289e+00 -1.292e+00 -1.293e+00 -1.293e+00
 -1.293e+00 -1.293e+00 -1.293e+00 -1.293e+00 -1.293e+00 -1.293e+00
 -1.293e+00 -1.293e+00 -1.293e+00 -1.293e+00 -1.293e+00 -1.292e+00
 -1.292e+00 -1.292e+00 -1.291e+00 -1.291e+00 -1.291e+00 -1.290e+00
 -1.290e+00 -1.287e+00 -1.278e+00 -1.234e+00 -1.104e+00 -9.090e-01
 -7.150e-01 -5.490e-01 -4.120e-01 -3.020e-01 -2.110e-01 -1.300e-01
 -5.500e-02  1.700e-02  7.200e-02  9.500e-02  1.010e-01  1.000e-01
  9.100e-02  7.200e-02  5.400e-02  4.000e-02  3.200e-02  2.600e-02
  2.200e-02  1.900e-02  1.600e-02  1.400e-02  1.300e-02  1.100e-02
  1.000e-02  9.000e-03  9.000e-03  8.000e-03  7.000e-03  7.000e-03
  6.000e-03  6.000e-03][-3.500e+02 -1.280e+00 -1.293e+00 -1.296e+00 -1.296e+00 -1.296e+00
 -1.296e+00 -1.296e+00 -1.296e+00 -1.296e+00 -1.296e+00 -1.296e+00
 -1.296e+00 -1.296e+00 -1.296e+00 -1.295e+00 -1.295e+00 -1.295e+00
 -1.294e+00 -1.294e+00 -1.294e+00 -1.294e+00 -1.293e+00 -1.293e+00
 -1.292e+00 -1.290e+00 -1.280e+00 -1.236e+00 -1.105e+00 -9.090e-01
 -7.160e-01 -5.500e-01 -4.130e-01 -3.030e-01 -2.110e-01 -1.310e-01
 -5.600e-02  1.600e-02  7.100e-02  9.400e-02  1.000e-01  9.900e-02
  9.100e-02  7.200e-02  5.400e-02  4.100e-02  3.200e-02  2.600e-02
  2.200e-02  1.900e-02  1.600e-02  1.400e-02  1.300e-02  1.100e-02
  1.000e-02  9.000e-03  9.000e-03  8.000e-03  7.000e-03  7.000e-03
  6.000e-03  6.000e-03][-3.450e+02 -1.277e+00 -1.289e+00 -1.293e+00 -1.293e+00 -1.294e+00
 -1.294e+00 -1.294e+00 -1.294e+00 -1.294e+00 -1.294e+00 -1.294e+00
 -1.295e+00 -1.295e+00 -1.295e+00 -1.295e+00 -1.295e+00 -1.295e+00
 -1.295e+00 -1.295e+00 -1.294e+00 -1.294e+00 -1.294e+00 -1.294e+00
 -1.293e+00 -1.292e+00 -1.283e+00 -1.238e+00 -1.105e+00 -9.090e-01
 -7.160e-01 -5.510e-01 -4.140e-01 -3.030e-01 -2.120e-01 -1.320e-01
 -5.600e-02  1.400e-02  6.900e-02  9.400e-02  1.000e-01  9.900e-02
  9.100e-02  7.300e-02  5.400e-02  4.100e-02  3.200e-02  2.600e-02
  2.200e-02  1.900e-02  1.600e-02  1.400e-02  1.300e-02  1.100e-02
  1.000e-02  9.000e-03  9.000e-03  8.000e-03  7.000e-03  7.000e-03
  6.000e-03  6.000e-03][-3.400e+02 -1.273e+00 -1.287e+00 -1.290e+00 -1.291e+00 -1.292e+00
 -1.292e+00 -1.292e+00 -1.293e+00 -1.293e+00 -1.293e+00 -1.293e+00
 -1.294e+00 -1.294e+00 -1.294e+00 -1.294e+00 -1.294e+00 -1.294e+00
 -1.294e+00 -1.294e+00 -1.295e+00 -1.294e+00 -1.294e+00 -1.294e+00
 -1.294e+00 -1.293e+00 -1.284e+00 -1.241e+00 -1.107e+00 -9.120e-01
 -7.190e-01 -5.520e-01 -4.150e-01 -3.040e-01 -2.130e-01 -1.320e-01
 -5.700e-02  1.400e-02  6.900e-02  9.300e-02  9.900e-02  9.900e-02
  9.100e-02  7.300e-02  5.400e-02  4.100e-02  3.200e-02  2.600e-02
  2.200e-02  1.900e-02  1.600e-02  1.400e-02  1.300e-02  1.100e-02
  1.000e-02  9.000e-03  9.000e-03  8.000e-03  7.000e-03  7.000e-03
  6.000e-03  6.000e-03][-3.350e+02 -1.271e+00 -1.286e+00 -1.289e+00 -1.290e+00 -1.291e+00
 -1.291e+00 -1.291e+00 -1.292e+00 -1.292e+00 -1.292e+00 -1.293e+00
 -1.293e+00 -1.293e+00 -1.294e+00 -1.294e+00 -1.294e+00 -1.294e+00
 -1.294e+00 -1.294e+00 -1.294e+00 -1.294e+00 -1.294e+00 -1.294e+00
 -1.294e+00 -1.293e+00 -1.284e+00 -1.242e+00 -1.111e+00 -9.130e-01
 -7.220e-01 -5.530e-01 -4.160e-01 -3.050e-01 -2.140e-01 -1.320e-01
 -5.800e-02  1.400e-02  6.900e-02  9.300e-02  1.000e-01  9.900e-02
  9.100e-02  7.300e-02  5.500e-02  4.100e-02  3.200e-02  2.600e-02
  2.200e-02  1.900e-02  1.600e-02  1.400e-02  1.300e-02  1.100e-02
  1.000e-02  9.000e-03  9.000e-03  8.000e-03  7.000e-03  7.000e-03
  6.000e-03  6.000e-03][-3.300e+02 -1.273e+00 -1.286e+00 -1.290e+00 -1.291e+00 -1.291e+00
 -1.292e+00 -1.292e+00 -1.292e+00 -1.292e+00 -1.293e+00 -1.293e+00
 -1.293e+00 -1.293e+00 -1.294e+00 -1.294e+00 -1.294e+00 -1.294e+00
 -1.294e+00 -1.294e+00 -1.294e+00 -1.294e+00 -1.293e+00 -1.293e+00
 -1.293e+00 -1.291e+00 -1.283e+00 -1.242e+00 -1.114e+00 -9.190e-01
 -7.230e-01 -5.540e-01 -4.180e-01 -3.060e-01 -2.150e-01 -1.340e-01
 -5.800e-02  1.400e-02  7.000e-02  9.400e-02  1.000e-01  9.900e-02
  9.100e-02  7.300e-02  5.400e-02  4.100e-02  3.200e-02  2.600e-02
  2.200e-02  1.900e-02  1.600e-02  1.400e-02  1.300e-02  1.100e-02
  1.000e-02  9.000e-03  9.000e-03  8.000e-03  7.000e-03  7.000e-03
  6.000e-03  6.000e-03][-3.250e+02 -1.275e+00 -1.289e+00 -1.292e+00 -1.293e+00 -1.293e+00
 -1.294e+00 -1.294e+00 -1.294e+00 -1.294e+00 -1.294e+00 -1.294e+00
 -1.295e+00 -1.295e+00 -1.295e+00 -1.295e+00 -1.295e+00 -1.295e+00
 -1.295e+00 -1.294e+00 -1.294e+00 -1.294e+00 -1.294e+00 -1.294e+00
 -1.293e+00 -1.291e+00 -1.283e+00 -1.244e+00 -1.119e+00 -9.230e-01
 -7.260e-01 -5.560e-01 -4.190e-01 -3.070e-01 -2.140e-01 -1.340e-01
 -5.800e-02  1.300e-02  7.000e-02  9.400e-02  1.000e-01  1.000e-01
  9.200e-02  7.300e-02  5.400e-02  4.100e-02  3.200e-02  2.600e-02
  2.200e-02  1.900e-02  1.600e-02  1.400e-02  1.300e-02  1.100e-02
  1.000e-02  9.000e-03  9.000e-03  8.000e-03  7.000e-03  7.000e-03
  6.000e-03  6.000e-03][-3.200e+02 -1.275e+00 -1.288e+00 -1.292e+00 -1.293e+00 -1.293e+00
 -1.294e+00 -1.294e+00 -1.294e+00 -1.294e+00 -1.294e+00 -1.294e+00
 -1.294e+00 -1.295e+00 -1.295e+00 -1.295e+00 -1.295e+00 -1.295e+00
 -1.294e+00 -1.294e+00 -1.294e+00 -1.294e+00 -1.294e+00 -1.294e+00
 -1.293e+00 -1.291e+00 -1.283e+00 -1.244e+00 -1.122e+00 -9.250e-01
 -7.280e-01 -5.570e-01 -4.190e-01 -3.070e-01 -2.150e-01 -1.350e-01
 -5.900e-02  1.300e-02  7.000e-02  9.400e-02  1.010e-01  1.000e-01
  9.200e-02  7.300e-02  5.400e-02  4.100e-02  3.200e-02  2.600e-02
  2.200e-02  1.900e-02  1.600e-02  1.400e-02  1.300e-02  1.100e-02
  1.000e-02  9.000e-03  9.000e-03  8.000e-03  7.000e-03  7.000e-03
  6.000e-03  6.000e-03][-3.150e+02 -1.276e+00 -1.290e+00 -1.293e+00 -1.294e+00 -1.295e+00
 -1.295e+00 -1.295e+00 -1.295e+00 -1.295e+00 -1.296e+00 -1.296e+00
 -1.296e+00 -1.296e+00 -1.296e+00 -1.296e+00 -1.296e+00 -1.296e+00
 -1.296e+00 -1.296e+00 -1.296e+00 -1.295e+00 -1.295e+00 -1.295e+00
 -1.295e+00 -1.293e+00 -1.284e+00 -1.244e+00 -1.120e+00 -9.230e-01
 -7.280e-01 -5.580e-01 -4.200e-01 -3.080e-01 -2.160e-01 -1.350e-01
 -6.000e-02  1.100e-02  6.800e-02  9.300e-02  1.000e-01  9.900e-02
  9.100e-02  7.300e-02  5.400e-02  4.100e-02  3.200e-02  2.600e-02
  2.200e-02  1.900e-02  1.600e-02  1.400e-02  1.300e-02  1.100e-02
  1.000e-02  9.000e-03  9.000e-03  8.000e-03  7.000e-03  7.000e-03
  6.000e-03  6.000e-03][-3.100e+02 -1.278e+00 -1.291e+00 -1.295e+00 -1.296e+00 -1.296e+00
 -1.296e+00 -1.297e+00 -1.297e+00 -1.297e+00 -1.297e+00 -1.297e+00
 -1.298e+00 -1.298e+00 -1.298e+00 -1.298e+00 -1.298e+00 -1.298e+00
 -1.298e+00 -1.298e+00 -1.298e+00 -1.298e+00 -1.298e+00 -1.298e+00
 -1.297e+00 -1.296e+00 -1.287e+00 -1.247e+00 -1.120e+00 -9.240e-01
 -7.310e-01 -5.590e-01 -4.210e-01 -3.090e-01 -2.160e-01 -1.360e-01
 -6.100e-02  1.000e-02  6.700e-02  9.200e-02  9.900e-02  9.800e-02
  9.000e-02  7.200e-02  5.400e-02  4.100e-02  3.200e-02  2.600e-02
  2.200e-02  1.900e-02  1.600e-02  1.400e-02  1.300e-02  1.100e-02
  1.000e-02  9.000e-03  9.000e-03  8.000e-03  7.000e-03  7.000e-03
  6.000e-03  6.000e-03][-3.050e+02 -1.272e+00 -1.286e+00 -1.290e+00 -1.291e+00 -1.292e+00
 -1.292e+00 -1.293e+00 -1.293e+00 -1.294e+00 -1.294e+00 -1.295e+00
 -1.295e+00 -1.296e+00 -1.296e+00 -1.297e+00 -1.297e+00 -1.297e+00
 -1.298e+00 -1.298e+00 -1.298e+00 -1.299e+00 -1.299e+00 -1.299e+00
 -1.299e+00 -1.297e+00 -1.289e+00 -1.249e+00 -1.125e+00 -9.290e-01
 -7.320e-01 -5.610e-01 -4.220e-01 -3.090e-01 -2.170e-01 -1.360e-01
 -6.100e-02  1.000e-02  6.800e-02  9.300e-02  9.900e-02  9.900e-02
  9.100e-02  7.300e-02  5.400e-02  4.100e-02  3.200e-02  2.600e-02
  2.200e-02  1.900e-02  1.600e-02  1.400e-02  1.300e-02  1.100e-02
  1.000e-02  9.000e-03  9.000e-03  8.000e-03  7.000e-03  7.000e-03
  6.000e-03  6.000e-03][-3.000e+02 -1.272e+00 -1.286e+00 -1.290e+00 -1.291e+00 -1.291e+00
 -1.292e+00 -1.293e+00 -1.293e+00 -1.294e+00 -1.294e+00 -1.295e+00
 -1.295e+00 -1.296e+00 -1.296e+00 -1.296e+00 -1.297e+00 -1.297e+00
 -1.298e+00 -1.298e+00 -1.298e+00 -1.299e+00 -1.299e+00 -1.299e+00
 -1.299e+00 -1.298e+00 -1.289e+00 -1.250e+00 -1.126e+00 -9.300e-01
 -7.330e-01 -5.620e-01 -4.220e-01 -3.100e-01 -2.170e-01 -1.370e-01
 -6.200e-02  1.000e-02  6.800e-02  9.400e-02  1.000e-01  9.900e-02
  9.100e-02  7.300e-02  5.400e-02  4.100e-02  3.200e-02  2.600e-02
  2.200e-02  1.900e-02  1.600e-02  1.400e-02  1.300e-02  1.100e-02
  1.000e-02  9.000e-03  9.000e-03  8.000e-03  7.000e-03  7.000e-03
  7.000e-03  6.000e-03][-2.950e+02 -1.276e+00 -1.289e+00 -1.292e+00 -1.294e+00 -1.294e+00
 -1.294e+00 -1.294e+00 -1.294e+00 -1.295e+00 -1.295e+00 -1.295e+00
 -1.295e+00 -1.296e+00 -1.296e+00 -1.296e+00 -1.296e+00 -1.296e+00
 -1.297e+00 -1.297e+00 -1.297e+00 -1.297e+00 -1.298e+00 -1.298e+00
 -1.298e+00 -1.296e+00 -1.288e+00 -1.248e+00 -1.124e+00 -9.280e-01
 -7.330e-01 -5.630e-01 -4.230e-01 -3.100e-01 -2.180e-01 -1.370e-01
 -6.200e-02  9.000e-03  6.800e-02  9.300e-02  9.900e-02  9.900e-02
  9.200e-02  7.400e-02  5.500e-02  4.100e-02  3.200e-02  2.600e-02
  2.200e-02  1.900e-02  1.600e-02  1.400e-02  1.300e-02  1.100e-02
  1.000e-02  9.000e-03  9.000e-03  8.000e-03  7.000e-03  7.000e-03
  6.000e-03  6.000e-03][-2.900e+02 -1.279e+00 -1.292e+00 -1.295e+00 -1.296e+00 -1.296e+00
 -1.296e+00 -1.296e+00 -1.296e+00 -1.296e+00 -1.296e+00 -1.296e+00
 -1.296e+00 -1.296e+00 -1.296e+00 -1.296e+00 -1.296e+00 -1.296e+00
 -1.297e+00 -1.297e+00 -1.297e+00 -1.297e+00 -1.297e+00 -1.297e+00
 -1.297e+00 -1.296e+00 -1.287e+00 -1.249e+00 -1.128e+00 -9.300e-01
 -7.320e-01 -5.620e-01 -4.220e-01 -3.110e-01 -2.190e-01 -1.380e-01
 -6.300e-02  8.000e-03  6.700e-02  9.300e-02  9.900e-02  9.900e-02
  9.200e-02  7.400e-02  5.500e-02  4.100e-02  3.200e-02  2.600e-02
  2.200e-02  1.900e-02  1.600e-02  1.400e-02  1.300e-02  1.100e-02
  1.000e-02  9.000e-03  9.000e-03  8.000e-03  7.000e-03  7.000e-03
  7.000e-03  6.000e-03][-2.850e+02 -1.280e+00 -1.294e+00 -1.297e+00 -1.297e+00 -1.297e+00
 -1.297e+00 -1.297e+00 -1.297e+00 -1.297e+00 -1.297e+00 -1.297e+00
 -1.297e+00 -1.297e+00 -1.297e+00 -1.297e+00 -1.297e+00 -1.298e+00
 -1.298e+00 -1.298e+00 -1.298e+00 -1.298e+00 -1.298e+00 -1.298e+00
 -1.298e+00 -1.296e+00 -1.288e+00 -1.251e+00 -1.130e+00 -9.320e-01
 -7.330e-01 -5.610e-01 -4.230e-01 -3.110e-01 -2.190e-01 -1.380e-01
 -6.400e-02  8.000e-03  6.600e-02  9.300e-02  1.000e-01  9.900e-02
  9.200e-02  7.400e-02  5.500e-02  4.100e-02  3.200e-02  2.600e-02
  2.200e-02  1.900e-02  1.600e-02  1.400e-02  1.300e-02  1.100e-02
  1.000e-02  9.000e-03  9.000e-03  8.000e-03  7.000e-03  7.000e-03
  6.000e-03  6.000e-03][-2.800e+02 -1.282e+00 -1.297e+00 -1.300e+00 -1.301e+00 -1.301e+00
 -1.301e+00 -1.301e+00 -1.301e+00 -1.301e+00 -1.301e+00 -1.301e+00
 -1.302e+00 -1.302e+00 -1.302e+00 -1.302e+00 -1.302e+00 -1.302e+00
 -1.302e+00 -1.302e+00 -1.302e+00 -1.302e+00 -1.302e+00 -1.302e+00
 -1.301e+00 -1.299e+00 -1.291e+00 -1.253e+00 -1.127e+00 -9.280e-01
 -7.330e-01 -5.620e-01 -4.230e-01 -3.100e-01 -2.190e-01 -1.380e-01
 -6.300e-02  8.000e-03  6.700e-02  9.300e-02  9.900e-02  9.900e-02
  9.100e-02  7.400e-02  5.500e-02  4.100e-02  3.200e-02  2.600e-02
  2.200e-02  1.900e-02  1.600e-02  1.400e-02  1.300e-02  1.100e-02
  1.000e-02  9.000e-03  9.000e-03  8.000e-03  7.000e-03  7.000e-03
  6.000e-03  6.000e-03][-2.750e+02 -1.284e+00 -1.298e+00 -1.301e+00 -1.302e+00 -1.302e+00
 -1.302e+00 -1.302e+00 -1.302e+00 -1.302e+00 -1.302e+00 -1.302e+00
 -1.302e+00 -1.302e+00 -1.303e+00 -1.302e+00 -1.302e+00 -1.302e+00
 -1.302e+00 -1.302e+00 -1.302e+00 -1.302e+00 -1.302e+00 -1.301e+00
 -1.301e+00 -1.299e+00 -1.291e+00 -1.253e+00 -1.127e+00 -9.300e-01
 -7.320e-01 -5.620e-01 -4.230e-01 -3.110e-01 -2.190e-01 -1.390e-01
 -6.300e-02  9.000e-03  6.700e-02  9.300e-02  9.900e-02  9.900e-02
  9.100e-02  7.300e-02  5.500e-02  4.100e-02  3.200e-02  2.600e-02
  2.200e-02  1.900e-02  1.600e-02  1.400e-02  1.300e-02  1.100e-02
  1.000e-02  9.000e-03  9.000e-03  8.000e-03  7.000e-03  7.000e-03
  6.000e-03  6.000e-03][-2.700e+02 -1.282e+00 -1.296e+00 -1.300e+00 -1.300e+00 -1.301e+00
 -1.301e+00 -1.301e+00 -1.301e+00 -1.301e+00 -1.301e+00 -1.301e+00
 -1.301e+00 -1.301e+00 -1.301e+00 -1.301e+00 -1.301e+00 -1.301e+00
 -1.300e+00 -1.300e+00 -1.300e+00 -1.300e+00 -1.300e+00 -1.299e+00
 -1.299e+00 -1.297e+00 -1.289e+00 -1.252e+00 -1.127e+00 -9.300e-01
 -7.340e-01 -5.630e-01 -4.250e-01 -3.130e-01 -2.200e-01 -1.390e-01
 -6.400e-02  9.000e-03  6.700e-02  9.300e-02  9.900e-02  9.900e-02
  9.100e-02  7.300e-02  5.500e-02  4.100e-02  3.200e-02  2.600e-02
  2.200e-02  1.900e-02  1.600e-02  1.400e-02  1.300e-02  1.100e-02
  1.000e-02  1.000e-02  9.000e-03  8.000e-03  7.000e-03  7.000e-03
  7.000e-03  6.000e-03][-2.650e+02 -1.282e+00 -1.297e+00 -1.300e+00 -1.301e+00 -1.301e+00
 -1.302e+00 -1.302e+00 -1.302e+00 -1.302e+00 -1.302e+00 -1.302e+00
 -1.302e+00 -1.302e+00 -1.302e+00 -1.302e+00 -1.302e+00 -1.302e+00
 -1.302e+00 -1.302e+00 -1.302e+00 -1.301e+00 -1.301e+00 -1.301e+00
 -1.300e+00 -1.299e+00 -1.291e+00 -1.253e+00 -1.127e+00 -9.310e-01
 -7.370e-01 -5.650e-01 -4.270e-01 -3.140e-01 -2.210e-01 -1.400e-01
 -6.400e-02  8.000e-03  6.600e-02  9.200e-02  9.900e-02  9.800e-02
  9.100e-02  7.400e-02  5.500e-02  4.100e-02  3.200e-02  2.600e-02
  2.200e-02  1.900e-02  1.600e-02  1.400e-02  1.300e-02  1.100e-02
  1.000e-02  9.000e-03  9.000e-03  8.000e-03  7.000e-03  7.000e-03
  7.000e-03  6.000e-03][-2.600e+02 -1.283e+00 -1.298e+00 -1.301e+00 -1.302e+00 -1.303e+00
 -1.303e+00 -1.303e+00 -1.304e+00 -1.304e+00 -1.304e+00 -1.304e+00
 -1.304e+00 -1.304e+00 -1.304e+00 -1.305e+00 -1.305e+00 -1.304e+00
 -1.304e+00 -1.304e+00 -1.304e+00 -1.304e+00 -1.304e+00 -1.303e+00
 -1.303e+00 -1.301e+00 -1.294e+00 -1.256e+00 -1.130e+00 -9.350e-01
 -7.390e-01 -5.680e-01 -4.290e-01 -3.150e-01 -2.220e-01 -1.410e-01
 -6.500e-02  8.000e-03  6.600e-02  9.200e-02  9.900e-02  9.800e-02
  9.100e-02  7.400e-02  5.500e-02  4.100e-02  3.200e-02  2.600e-02
  2.200e-02  1.900e-02  1.600e-02  1.400e-02  1.300e-02  1.100e-02
  1.000e-02  9.000e-03  9.000e-03  8.000e-03  7.000e-03  7.000e-03
  6.000e-03  6.000e-03][-2.550e+02 -1.283e+00 -1.298e+00 -1.302e+00 -1.303e+00 -1.303e+00
 -1.304e+00 -1.304e+00 -1.304e+00 -1.304e+00 -1.305e+00 -1.305e+00
 -1.305e+00 -1.305e+00 -1.305e+00 -1.305e+00 -1.305e+00 -1.305e+00
 -1.305e+00 -1.305e+00 -1.305e+00 -1.305e+00 -1.305e+00 -1.304e+00
 -1.304e+00 -1.302e+00 -1.295e+00 -1.258e+00 -1.136e+00 -9.390e-01
 -7.420e-01 -5.700e-01 -4.290e-01 -3.160e-01 -2.230e-01 -1.410e-01
 -6.500e-02  7.000e-03  6.600e-02  9.200e-02  9.900e-02  9.900e-02
  9.200e-02  7.400e-02  5.500e-02  4.100e-02  3.200e-02  2.600e-02
  2.200e-02  1.900e-02  1.600e-02  1.400e-02  1.300e-02  1.100e-02
  1.000e-02  9.000e-03  9.000e-03  8.000e-03  7.000e-03  7.000e-03
  6.000e-03  6.000e-03][-2.500e+02 -1.285e+00 -1.299e+00 -1.303e+00 -1.304e+00 -1.304e+00
 -1.305e+00 -1.305e+00 -1.305e+00 -1.305e+00 -1.305e+00 -1.305e+00
 -1.306e+00 -1.306e+00 -1.306e+00 -1.306e+00 -1.306e+00 -1.306e+00
 -1.305e+00 -1.305e+00 -1.305e+00 -1.305e+00 -1.305e+00 -1.304e+00
 -1.303e+00 -1.302e+00 -1.294e+00 -1.259e+00 -1.142e+00 -9.430e-01
 -7.450e-01 -5.720e-01 -4.300e-01 -3.170e-01 -2.230e-01 -1.420e-01
 -6.600e-02  7.000e-03  6.700e-02  9.300e-02  1.000e-01  9.900e-02
  9.200e-02  7.400e-02  5.500e-02  4.100e-02  3.200e-02  2.600e-02
  2.200e-02  1.900e-02  1.600e-02  1.400e-02  1.300e-02  1.100e-02
  1.000e-02  1.000e-02  9.000e-03  8.000e-03  7.000e-03  7.000e-03
  6.000e-03  6.000e-03][-2.450e+02 -1.285e+00 -1.299e+00 -1.303e+00 -1.304e+00 -1.304e+00
 -1.304e+00 -1.305e+00 -1.305e+00 -1.305e+00 -1.305e+00 -1.305e+00
 -1.305e+00 -1.305e+00 -1.305e+00 -1.305e+00 -1.305e+00 -1.305e+00
 -1.304e+00 -1.304e+00 -1.304e+00 -1.304e+00 -1.303e+00 -1.303e+00
 -1.302e+00 -1.300e+00 -1.292e+00 -1.259e+00 -1.145e+00 -9.500e-01
 -7.490e-01 -5.740e-01 -4.320e-01 -3.180e-01 -2.240e-01 -1.420e-01
 -6.600e-02  7.000e-03  6.700e-02  9.400e-02  1.000e-01  1.000e-01
  9.300e-02  7.400e-02  5.500e-02  4.100e-02  3.200e-02  2.600e-02
  2.200e-02  1.900e-02  1.600e-02  1.400e-02  1.300e-02  1.100e-02
  1.000e-02  1.000e-02  9.000e-03  8.000e-03  7.000e-03  7.000e-03
  6.000e-03  6.000e-03][-2.400e+02 -1.284e+00 -1.298e+00 -1.302e+00 -1.303e+00 -1.303e+00
 -1.304e+00 -1.304e+00 -1.304e+00 -1.304e+00 -1.305e+00 -1.305e+00
 -1.305e+00 -1.305e+00 -1.305e+00 -1.305e+00 -1.305e+00 -1.305e+00
 -1.304e+00 -1.304e+00 -1.304e+00 -1.304e+00 -1.303e+00 -1.303e+00
 -1.302e+00 -1.300e+00 -1.292e+00 -1.259e+00 -1.146e+00 -9.510e-01
 -7.500e-01 -5.760e-01 -4.330e-01 -3.180e-01 -2.240e-01 -1.430e-01
 -6.600e-02  7.000e-03  6.700e-02  9.300e-02  1.000e-01  9.900e-02
  9.200e-02  7.400e-02  5.500e-02  4.100e-02  3.200e-02  2.600e-02
  2.200e-02  1.900e-02  1.600e-02  1.400e-02  1.300e-02  1.100e-02
  1.000e-02  1.000e-02  9.000e-03  8.000e-03  7.000e-03  7.000e-03
  6.000e-03  6.000e-03][-2.350e+02 -1.285e+00 -1.299e+00 -1.302e+00 -1.303e+00 -1.304e+00
 -1.304e+00 -1.304e+00 -1.304e+00 -1.305e+00 -1.305e+00 -1.305e+00
 -1.305e+00 -1.305e+00 -1.305e+00 -1.305e+00 -1.305e+00 -1.305e+00
 -1.305e+00 -1.305e+00 -1.304e+00 -1.304e+00 -1.304e+00 -1.303e+00
 -1.303e+00 -1.301e+00 -1.293e+00 -1.259e+00 -1.144e+00 -9.500e-01
 -7.510e-01 -5.780e-01 -4.330e-01 -3.190e-01 -2.250e-01 -1.430e-01
 -6.700e-02  5.000e-03  6.500e-02  9.200e-02  9.900e-02  9.900e-02
  9.100e-02  7.400e-02  5.500e-02  4.100e-02  3.200e-02  2.600e-02
  2.200e-02  1.900e-02  1.600e-02  1.400e-02  1.300e-02  1.100e-02
  1.000e-02  9.000e-03  9.000e-03  8.000e-03  7.000e-03  7.000e-03
  6.000e-03  6.000e-03][-2.300e+02 -1.287e+00 -1.301e+00 -1.305e+00 -1.306e+00 -1.306e+00
 -1.306e+00 -1.306e+00 -1.306e+00 -1.306e+00 -1.307e+00 -1.307e+00
 -1.307e+00 -1.307e+00 -1.307e+00 -1.306e+00 -1.306e+00 -1.306e+00
 -1.306e+00 -1.306e+00 -1.306e+00 -1.305e+00 -1.305e+00 -1.305e+00
 -1.304e+00 -1.302e+00 -1.294e+00 -1.259e+00 -1.142e+00 -9.490e-01
 -7.500e-01 -5.770e-01 -4.340e-01 -3.190e-01 -2.250e-01 -1.430e-01
 -6.700e-02  5.000e-03  6.500e-02  9.200e-02  9.800e-02  9.800e-02
  9.100e-02  7.300e-02  5.400e-02  4.100e-02  3.200e-02  2.600e-02
  2.200e-02  1.900e-02  1.600e-02  1.400e-02  1.300e-02  1.200e-02
  1.000e-02  1.000e-02  9.000e-03  8.000e-03  7.000e-03  7.000e-03
  7.000e-03  6.000e-03][-2.250e+02 -1.285e+00 -1.300e+00 -1.303e+00 -1.304e+00 -1.305e+00
 -1.305e+00 -1.305e+00 -1.305e+00 -1.305e+00 -1.305e+00 -1.305e+00
 -1.305e+00 -1.305e+00 -1.305e+00 -1.305e+00 -1.305e+00 -1.305e+00
 -1.305e+00 -1.305e+00 -1.305e+00 -1.304e+00 -1.304e+00 -1.304e+00
 -1.303e+00 -1.301e+00 -1.293e+00 -1.259e+00 -1.144e+00 -9.490e-01
 -7.510e-01 -5.780e-01 -4.340e-01 -3.200e-01 -2.260e-01 -1.440e-01
 -6.800e-02  6.000e-03  6.600e-02  9.200e-02  9.900e-02  9.800e-02
  9.100e-02  7.300e-02  5.400e-02  4.100e-02  3.200e-02  2.600e-02
  2.200e-02  1.900e-02  1.600e-02  1.400e-02  1.300e-02  1.100e-02
  1.000e-02  1.000e-02  9.000e-03  8.000e-03  7.000e-03  7.000e-03
  6.000e-03  6.000e-03][-2.200e+02 -1.283e+00 -1.298e+00 -1.301e+00 -1.302e+00 -1.302e+00
 -1.303e+00 -1.303e+00 -1.303e+00 -1.303e+00 -1.303e+00 -1.303e+00
 -1.304e+00 -1.304e+00 -1.304e+00 -1.304e+00 -1.304e+00 -1.304e+00
 -1.303e+00 -1.303e+00 -1.303e+00 -1.303e+00 -1.303e+00 -1.302e+00
 -1.302e+00 -1.300e+00 -1.292e+00 -1.258e+00 -1.144e+00 -9.490e-01
 -7.510e-01 -5.780e-01 -4.340e-01 -3.200e-01 -2.260e-01 -1.440e-01
 -6.800e-02  5.000e-03  6.600e-02  9.300e-02  9.900e-02  9.900e-02
  9.200e-02  7.400e-02  5.400e-02  4.100e-02  3.200e-02  2.600e-02
  2.200e-02  1.900e-02  1.600e-02  1.400e-02  1.300e-02  1.200e-02
  1.000e-02  1.000e-02  9.000e-03  8.000e-03  7.000e-03  7.000e-03
  6.000e-03  6.000e-03][-2.150e+02 -1.283e+00 -1.299e+00 -1.303e+00 -1.304e+00 -1.305e+00
 -1.305e+00 -1.305e+00 -1.305e+00 -1.306e+00 -1.306e+00 -1.306e+00
 -1.306e+00 -1.306e+00 -1.306e+00 -1.306e+00 -1.306e+00 -1.306e+00
 -1.306e+00 -1.306e+00 -1.305e+00 -1.305e+00 -1.305e+00 -1.305e+00
 -1.304e+00 -1.302e+00 -1.295e+00 -1.261e+00 -1.144e+00 -9.490e-01
 -7.500e-01 -5.770e-01 -4.340e-01 -3.200e-01 -2.270e-01 -1.450e-01
 -6.900e-02  4.000e-03  6.500e-02  9.200e-02  9.900e-02  9.900e-02
  9.100e-02  7.400e-02  5.500e-02  4.100e-02  3.200e-02  2.600e-02
  2.200e-02  1.900e-02  1.600e-02  1.400e-02  1.300e-02  1.100e-02
  1.000e-02  9.000e-03  9.000e-03  8.000e-03  7.000e-03  7.000e-03
  6.000e-03  6.000e-03][-2.100e+02 -1.285e+00 -1.302e+00 -1.306e+00 -1.307e+00 -1.307e+00
 -1.307e+00 -1.308e+00 -1.308e+00 -1.308e+00 -1.308e+00 -1.308e+00
 -1.308e+00 -1.308e+00 -1.308e+00 -1.308e+00 -1.308e+00 -1.308e+00
 -1.308e+00 -1.308e+00 -1.308e+00 -1.308e+00 -1.307e+00 -1.307e+00
 -1.307e+00 -1.305e+00 -1.298e+00 -1.263e+00 -1.145e+00 -9.490e-01
 -7.500e-01 -5.770e-01 -4.350e-01 -3.210e-01 -2.270e-01 -1.460e-01
 -7.000e-02  2.000e-03  6.300e-02  9.100e-02  9.800e-02  9.800e-02
  9.100e-02  7.400e-02  5.500e-02  4.100e-02  3.200e-02  2.600e-02
  2.200e-02  1.900e-02  1.600e-02  1.400e-02  1.300e-02  1.200e-02
  1.000e-02  9.000e-03  9.000e-03  8.000e-03  7.000e-03  7.000e-03
  7.000e-03  6.000e-03][-2.050e+02 -1.286e+00 -1.302e+00 -1.306e+00 -1.307e+00 -1.307e+00
 -1.307e+00 -1.307e+00 -1.307e+00 -1.307e+00 -1.307e+00 -1.307e+00
 -1.307e+00 -1.308e+00 -1.308e+00 -1.308e+00 -1.308e+00 -1.308e+00
 -1.308e+00 -1.308e+00 -1.308e+00 -1.308e+00 -1.308e+00 -1.308e+00
 -1.307e+00 -1.306e+00 -1.299e+00 -1.265e+00 -1.148e+00 -9.500e-01
 -7.510e-01 -5.770e-01 -4.360e-01 -3.220e-01 -2.280e-01 -1.470e-01
 -7.200e-02  1.000e-03  6.200e-02  9.000e-02  9.800e-02  9.800e-02
  9.200e-02  7.500e-02  5.600e-02  4.200e-02  3.300e-02  2.600e-02
  2.200e-02  1.900e-02  1.600e-02  1.400e-02  1.300e-02  1.100e-02
  1.000e-02  1.000e-02  9.000e-03  8.000e-03  7.000e-03  7.000e-03
  6.000e-03  6.000e-03][-2.000e+02 -1.285e+00 -1.302e+00 -1.306e+00 -1.306e+00 -1.307e+00
 -1.307e+00 -1.307e+00 -1.307e+00 -1.307e+00 -1.307e+00 -1.307e+00
 -1.307e+00 -1.307e+00 -1.307e+00 -1.307e+00 -1.307e+00 -1.308e+00
 -1.307e+00 -1.308e+00 -1.308e+00 -1.308e+00 -1.308e+00 -1.308e+00
 -1.308e+00 -1.307e+00 -1.300e+00 -1.266e+00 -1.147e+00 -9.520e-01
 -7.530e-01 -5.780e-01 -4.370e-01 -3.220e-01 -2.280e-01 -1.470e-01
 -7.300e-02 -0.000e+00  6.100e-02  9.000e-02  9.800e-02  9.800e-02
  9.200e-02  7.600e-02  5.600e-02  4.200e-02  3.300e-02  2.600e-02
  2.200e-02  1.900e-02  1.600e-02  1.400e-02  1.300e-02  1.100e-02
  1.000e-02  9.000e-03  9.000e-03  8.500e-03  7.000e-03  7.000e-03
  6.000e-03  6.000e-03][-1.950e+02 -1.283e+00 -1.299e+00 -1.303e+00 -1.303e+00 -1.304e+00
 -1.304e+00 -1.304e+00 -1.304e+00 -1.305e+00 -1.305e+00 -1.305e+00
 -1.305e+00 -1.306e+00 -1.306e+00 -1.306e+00 -1.307e+00 -1.307e+00
 -1.307e+00 -1.307e+00 -1.308e+00 -1.308e+00 -1.308e+00 -1.309e+00
 -1.309e+00 -1.308e+00 -1.302e+00 -1.269e+00 -1.150e+00 -9.540e-01
 -7.550e-01 -5.790e-01 -4.380e-01 -3.230e-01 -2.290e-01 -1.480e-01
 -7.200e-02  0.000e+00  6.100e-02  9.000e-02  9.700e-02  9.800e-02
  9.200e-02  7.600e-02  5.600e-02  4.200e-02  3.300e-02  2.700e-02
  2.200e-02  1.900e-02  1.600e-02  1.400e-02  1.300e-02  1.100e-02
  1.000e-02  1.000e-02  9.000e-03  8.000e-03  7.000e-03  7.000e-03
  7.000e-03  6.000e-03][-1.900e+02 -1.273e+00 -1.289e+00 -1.293e+00 -1.294e+00 -1.295e+00
 -1.295e+00 -1.296e+00 -1.297e+00 -1.297e+00 -1.298e+00 -1.298e+00
 -1.299e+00 -1.300e+00 -1.300e+00 -1.301e+00 -1.302e+00 -1.303e+00
 -1.303e+00 -1.304e+00 -1.305e+00 -1.306e+00 -1.307e+00 -1.307e+00
 -1.308e+00 -1.307e+00 -1.302e+00 -1.271e+00 -1.155e+00 -9.570e-01
 -7.570e-01 -5.800e-01 -4.370e-01 -3.220e-01 -2.290e-01 -1.480e-01
 -7.300e-02  0.000e+00  6.100e-02  9.000e-02  9.800e-02  9.800e-02
  9.200e-02  7.600e-02  5.700e-02  4.200e-02  3.300e-02  2.700e-02
  2.200e-02  1.900e-02  1.600e-02  1.400e-02  1.300e-02  1.100e-02
  1.000e-02  9.000e-03  9.000e-03  8.000e-03  7.000e-03  7.000e-03
  7.000e-03  6.000e-03][-1.850e+02 -1.279e+00 -1.294e+00 -1.298e+00 -1.299e+00 -1.299e+00
 -1.299e+00 -1.299e+00 -1.300e+00 -1.300e+00 -1.300e+00 -1.300e+00
 -1.300e+00 -1.301e+00 -1.301e+00 -1.302e+00 -1.302e+00 -1.303e+00
 -1.303e+00 -1.303e+00 -1.304e+00 -1.304e+00 -1.305e+00 -1.305e+00
 -1.306e+00 -1.305e+00 -1.300e+00 -1.270e+00 -1.156e+00 -9.580e-01
 -7.580e-01 -5.820e-01 -4.380e-01 -3.240e-01 -2.300e-01 -1.480e-01
 -7.300e-02  0.000e+00  6.200e-02  9.200e-02  9.900e-02  9.900e-02
  9.300e-02  7.600e-02  5.700e-02  4.200e-02  3.300e-02  2.700e-02
  2.200e-02  1.900e-02  1.600e-02  1.400e-02  1.300e-02  1.100e-02
  1.000e-02  1.000e-02  9.000e-03  8.000e-03  7.000e-03  7.000e-03
  6.000e-03  6.000e-03][-1.800e+02 -1.290e+00 -1.305e+00 -1.308e+00 -1.308e+00 -1.308e+00
 -1.307e+00 -1.307e+00 -1.307e+00 -1.306e+00 -1.306e+00 -1.305e+00
 -1.305e+00 -1.305e+00 -1.305e+00 -1.305e+00 -1.304e+00 -1.304e+00
 -1.304e+00 -1.304e+00 -1.304e+00 -1.304e+00 -1.304e+00 -1.304e+00
 -1.303e+00 -1.302e+00 -1.296e+00 -1.266e+00 -1.156e+00 -9.600e-01
 -7.590e-01 -5.820e-01 -4.380e-01 -3.240e-01 -2.300e-01 -1.480e-01
 -7.300e-02  1.000e-03  6.500e-02  9.300e-02  9.900e-02  9.900e-02
  9.400e-02  7.600e-02  5.600e-02  4.200e-02  3.300e-02  2.700e-02
  2.200e-02  1.900e-02  1.600e-02  1.400e-02  1.300e-02  1.200e-02
  1.000e-02  9.000e-03  9.000e-03  8.000e-03  7.000e-03  7.000e-03
  6.000e-03  6.000e-03][-1.750e+02 -1.288e+00 -1.303e+00 -1.306e+00 -1.307e+00 -1.306e+00
 -1.306e+00 -1.306e+00 -1.306e+00 -1.305e+00 -1.305e+00 -1.305e+00
 -1.304e+00 -1.304e+00 -1.304e+00 -1.304e+00 -1.303e+00 -1.303e+00
 -1.303e+00 -1.303e+00 -1.302e+00 -1.302e+00 -1.302e+00 -1.302e+00
 -1.301e+00 -1.299e+00 -1.293e+00 -1.264e+00 -1.155e+00 -9.610e-01
 -7.580e-01 -5.830e-01 -4.380e-01 -3.230e-01 -2.300e-01 -1.490e-01
 -7.300e-02  0.000e+00  6.400e-02  9.200e-02  9.900e-02  9.900e-02
  9.400e-02  7.600e-02  5.600e-02  4.200e-02  3.300e-02  2.600e-02
  2.200e-02  1.900e-02  1.600e-02  1.400e-02  1.300e-02  1.200e-02
  1.000e-02  9.000e-03  9.000e-03  8.000e-03  7.000e-03  7.000e-03
  6.000e-03  6.000e-03][-1.700e+02 -1.283e+00 -1.298e+00 -1.302e+00 -1.303e+00 -1.303e+00
 -1.303e+00 -1.303e+00 -1.303e+00 -1.303e+00 -1.303e+00 -1.303e+00
 -1.303e+00 -1.303e+00 -1.303e+00 -1.303e+00 -1.303e+00 -1.303e+00
 -1.303e+00 -1.303e+00 -1.303e+00 -1.303e+00 -1.303e+00 -1.303e+00
 -1.302e+00 -1.301e+00 -1.295e+00 -1.265e+00 -1.155e+00 -9.600e-01
 -7.580e-01 -5.820e-01 -4.380e-01 -3.230e-01 -2.300e-01 -1.490e-01
 -7.400e-02 -0.000e+00  6.300e-02  9.200e-02  9.900e-02  9.900e-02
  9.300e-02  7.600e-02  5.600e-02  4.200e-02  3.300e-02  2.600e-02
  2.200e-02  1.900e-02  1.600e-02  1.400e-02  1.300e-02  1.100e-02
  1.000e-02  1.000e-02  9.000e-03  8.000e-03  7.000e-03  7.000e-03
  7.000e-03  6.000e-03][-1.650e+02 -1.282e+00 -1.297e+00 -1.301e+00 -1.302e+00 -1.302e+00
 -1.302e+00 -1.303e+00 -1.303e+00 -1.303e+00 -1.303e+00 -1.303e+00
 -1.304e+00 -1.304e+00 -1.304e+00 -1.305e+00 -1.305e+00 -1.305e+00
 -1.305e+00 -1.306e+00 -1.306e+00 -1.306e+00 -1.307e+00 -1.307e+00
 -1.307e+00 -1.307e+00 -1.301e+00 -1.271e+00 -1.158e+00 -9.600e-01
 -7.590e-01 -5.830e-01 -4.380e-01 -3.240e-01 -2.300e-01 -1.500e-01
 -7.500e-02 -1.000e-03  6.000e-02  9.000e-02  9.800e-02  9.800e-02
  9.200e-02  7.600e-02  5.600e-02  4.200e-02  3.300e-02  2.600e-02
  2.200e-02  1.900e-02  1.600e-02  1.400e-02  1.300e-02  1.100e-02
  1.000e-02  9.000e-03  9.000e-03  8.000e-03  7.000e-03  7.000e-03
  6.000e-03  6.000e-03][-1.600e+02 -1.286e+00 -1.301e+00 -1.305e+00 -1.305e+00 -1.305e+00
 -1.305e+00 -1.305e+00 -1.305e+00 -1.305e+00 -1.305e+00 -1.305e+00
 -1.305e+00 -1.305e+00 -1.305e+00 -1.305e+00 -1.306e+00 -1.306e+00
 -1.306e+00 -1.306e+00 -1.307e+00 -1.307e+00 -1.308e+00 -1.308e+00
 -1.308e+00 -1.307e+00 -1.302e+00 -1.272e+00 -1.157e+00 -9.590e-01
 -7.580e-01 -5.840e-01 -4.400e-01 -3.240e-01 -2.300e-01 -1.490e-01
 -7.500e-02 -2.000e-03  5.900e-02  8.900e-02  9.700e-02  9.700e-02
  9.200e-02  7.600e-02  5.600e-02  4.200e-02  3.300e-02  2.600e-02
  2.200e-02  1.900e-02  1.600e-02  1.400e-02  1.300e-02  1.100e-02
  1.000e-02  1.000e-02  9.000e-03  8.000e-03  7.000e-03  7.000e-03
  7.000e-03  6.000e-03][-1.550e+02 -1.286e+00 -1.303e+00 -1.306e+00 -1.306e+00 -1.306e+00
 -1.306e+00 -1.306e+00 -1.305e+00 -1.305e+00 -1.305e+00 -1.305e+00
 -1.305e+00 -1.305e+00 -1.305e+00 -1.305e+00 -1.305e+00 -1.305e+00
 -1.305e+00 -1.305e+00 -1.306e+00 -1.306e+00 -1.306e+00 -1.306e+00
 -1.306e+00 -1.306e+00 -1.300e+00 -1.270e+00 -1.156e+00 -9.590e-01
 -7.590e-01 -5.850e-01 -4.400e-01 -3.240e-01 -2.310e-01 -1.500e-01
 -7.500e-02 -3.000e-03  5.800e-02  8.900e-02  9.700e-02  9.700e-02
  9.100e-02  7.600e-02  5.600e-02  4.200e-02  3.300e-02  2.600e-02
  2.200e-02  1.900e-02  1.600e-02  1.400e-02  1.300e-02  1.100e-02
  1.000e-02  9.000e-03  9.000e-03  8.000e-03  7.000e-03  7.000e-03
  6.000e-03  6.000e-03][-1.500e+02 -1.283e+00 -1.299e+00 -1.303e+00 -1.303e+00 -1.303e+00
 -1.303e+00 -1.304e+00 -1.304e+00 -1.304e+00 -1.304e+00 -1.304e+00
 -1.304e+00 -1.305e+00 -1.305e+00 -1.305e+00 -1.305e+00 -1.306e+00
 -1.306e+00 -1.306e+00 -1.306e+00 -1.307e+00 -1.307e+00 -1.308e+00
 -1.308e+00 -1.307e+00 -1.302e+00 -1.272e+00 -1.158e+00 -9.600e-01
 -7.590e-01 -5.840e-01 -4.390e-01 -3.250e-01 -2.310e-01 -1.500e-01
 -7.500e-02 -3.000e-03  5.900e-02  8.900e-02  9.700e-02  9.700e-02
  9.200e-02  7.600e-02  5.600e-02  4.200e-02  3.300e-02  2.600e-02
  2.200e-02  1.900e-02  1.600e-02  1.400e-02  1.300e-02  1.100e-02
  1.000e-02  9.000e-03  9.000e-03  8.000e-03  7.000e-03  7.000e-03
  6.000e-03  6.000e-03][-1.450e+02 -1.282e+00 -1.299e+00 -1.303e+00 -1.304e+00 -1.305e+00
 -1.305e+00 -1.305e+00 -1.305e+00 -1.305e+00 -1.305e+00 -1.306e+00
 -1.306e+00 -1.306e+00 -1.306e+00 -1.307e+00 -1.307e+00 -1.307e+00
 -1.307e+00 -1.308e+00 -1.308e+00 -1.308e+00 -1.309e+00 -1.309e+00
 -1.309e+00 -1.308e+00 -1.302e+00 -1.273e+00 -1.158e+00 -9.590e-01
 -7.590e-01 -5.840e-01 -4.380e-01 -3.240e-01 -2.310e-01 -1.500e-01
 -7.400e-02 -1.000e-03  6.100e-02  9.000e-02  9.800e-02  9.800e-02
  9.200e-02  7.600e-02  5.600e-02  4.200e-02  3.200e-02  2.600e-02
  2.200e-02  1.900e-02  1.600e-02  1.400e-02  1.300e-02  1.100e-02
  1.000e-02  9.000e-03  9.000e-03  8.000e-03  7.000e-03  7.000e-03
  6.000e-03  6.000e-03][-1.400e+02 -1.284e+00 -1.301e+00 -1.305e+00 -1.306e+00 -1.306e+00
 -1.307e+00 -1.307e+00 -1.307e+00 -1.307e+00 -1.307e+00 -1.307e+00
 -1.307e+00 -1.308e+00 -1.308e+00 -1.308e+00 -1.308e+00 -1.308e+00
 -1.308e+00 -1.308e+00 -1.308e+00 -1.308e+00 -1.308e+00 -1.308e+00
 -1.307e+00 -1.306e+00 -1.300e+00 -1.270e+00 -1.155e+00 -9.570e-01
 -7.570e-01 -5.830e-01 -4.380e-01 -3.240e-01 -2.300e-01 -1.490e-01
 -7.300e-02  0.000e+00  6.200e-02  9.100e-02  9.800e-02  9.800e-02
  9.200e-02  7.500e-02  5.500e-02  4.100e-02  3.200e-02  2.600e-02
  2.200e-02  1.900e-02  1.600e-02  1.400e-02  1.300e-02  1.100e-02
  1.000e-02  9.000e-03  9.000e-03  8.000e-03  7.000e-03  7.000e-03
  7.000e-03  6.000e-03][-1.350e+02 -1.283e+00 -1.300e+00 -1.304e+00 -1.305e+00 -1.306e+00
 -1.306e+00 -1.306e+00 -1.307e+00 -1.307e+00 -1.307e+00 -1.307e+00
 -1.307e+00 -1.307e+00 -1.307e+00 -1.307e+00 -1.308e+00 -1.307e+00
 -1.307e+00 -1.307e+00 -1.307e+00 -1.307e+00 -1.307e+00 -1.307e+00
 -1.306e+00 -1.305e+00 -1.298e+00 -1.269e+00 -1.156e+00 -9.580e-01
 -7.570e-01 -5.830e-01 -4.370e-01 -3.240e-01 -2.300e-01 -1.490e-01
 -7.300e-02  0.000e+00  6.300e-02  9.100e-02  9.800e-02  9.900e-02
  9.200e-02  7.500e-02  5.500e-02  4.100e-02  3.200e-02  2.600e-02
  2.200e-02  1.900e-02  1.600e-02  1.400e-02  1.300e-02  1.100e-02
  1.000e-02  9.000e-03  9.000e-03  8.000e-03  7.000e-03  7.000e-03
  6.000e-03  6.000e-03][-1.300e+02 -1.281e+00 -1.298e+00 -1.302e+00 -1.303e+00 -1.304e+00
 -1.304e+00 -1.304e+00 -1.304e+00 -1.305e+00 -1.305e+00 -1.305e+00
 -1.305e+00 -1.305e+00 -1.306e+00 -1.306e+00 -1.306e+00 -1.306e+00
 -1.306e+00 -1.306e+00 -1.306e+00 -1.306e+00 -1.306e+00 -1.305e+00
 -1.305e+00 -1.304e+00 -1.297e+00 -1.267e+00 -1.155e+00 -9.570e-01
 -7.560e-01 -5.810e-01 -4.370e-01 -3.230e-01 -2.300e-01 -1.480e-01
 -7.200e-02  0.000e+00  6.300e-02  9.100e-02  9.800e-02  9.800e-02
  9.200e-02  7.400e-02  5.500e-02  4.100e-02  3.200e-02  2.600e-02
  2.200e-02  1.900e-02  1.600e-02  1.400e-02  1.300e-02  1.100e-02
  1.000e-02  9.000e-03  9.000e-03  8.000e-03  7.000e-03  7.000e-03
  6.000e-03  6.000e-03][-1.250e+02 -1.280e+00 -1.297e+00 -1.301e+00 -1.302e+00 -1.302e+00
 -1.303e+00 -1.303e+00 -1.303e+00 -1.304e+00 -1.304e+00 -1.304e+00
 -1.304e+00 -1.304e+00 -1.305e+00 -1.305e+00 -1.305e+00 -1.305e+00
 -1.305e+00 -1.305e+00 -1.306e+00 -1.306e+00 -1.306e+00 -1.305e+00
 -1.305e+00 -1.304e+00 -1.298e+00 -1.267e+00 -1.151e+00 -9.540e-01
 -7.540e-01 -5.800e-01 -4.350e-01 -3.220e-01 -2.290e-01 -1.480e-01
 -7.200e-02  1.000e-03  6.200e-02  9.100e-02  9.700e-02  9.800e-02
  9.100e-02  7.400e-02  5.500e-02  4.100e-02  3.200e-02  2.600e-02
  2.200e-02  1.900e-02  1.600e-02  1.400e-02  1.300e-02  1.100e-02
  1.000e-02  9.000e-03  9.000e-03  8.000e-03  7.000e-03  7.000e-03
  6.000e-03  6.000e-03][-1.200e+02 -1.284e+00 -1.299e+00 -1.303e+00 -1.303e+00 -1.304e+00
 -1.304e+00 -1.304e+00 -1.305e+00 -1.305e+00 -1.305e+00 -1.305e+00
 -1.305e+00 -1.306e+00 -1.306e+00 -1.306e+00 -1.306e+00 -1.306e+00
 -1.306e+00 -1.307e+00 -1.307e+00 -1.307e+00 -1.307e+00 -1.307e+00
 -1.307e+00 -1.306e+00 -1.300e+00 -1.268e+00 -1.150e+00 -9.510e-01
 -7.530e-01 -5.790e-01 -4.350e-01 -3.230e-01 -2.290e-01 -1.470e-01
 -7.200e-02  1.000e-03  6.300e-02  9.100e-02  9.700e-02  9.700e-02
  9.100e-02  7.400e-02  5.500e-02  4.100e-02  3.200e-02  2.600e-02
  2.200e-02  1.900e-02  1.600e-02  1.400e-02  1.300e-02  1.100e-02
  1.000e-02  9.000e-03  9.000e-03  8.000e-03  7.000e-03  7.000e-03
  7.000e-03  6.000e-03][-1.150e+02 -1.288e+00 -1.302e+00 -1.306e+00 -1.306e+00 -1.306e+00
 -1.307e+00 -1.307e+00 -1.307e+00 -1.307e+00 -1.307e+00 -1.307e+00
 -1.307e+00 -1.307e+00 -1.308e+00 -1.308e+00 -1.308e+00 -1.308e+00
 -1.308e+00 -1.308e+00 -1.308e+00 -1.309e+00 -1.309e+00 -1.309e+00
 -1.309e+00 -1.308e+00 -1.302e+00 -1.270e+00 -1.150e+00 -9.500e-01
 -7.520e-01 -5.780e-01 -4.350e-01 -3.220e-01 -2.290e-01 -1.480e-01
 -7.100e-02  1.000e-03  6.300e-02  9.000e-02  9.700e-02  9.700e-02
  9.100e-02  7.500e-02  5.500e-02  4.100e-02  3.200e-02  2.600e-02
  2.200e-02  1.900e-02  1.600e-02  1.400e-02  1.300e-02  1.100e-02
  1.000e-02  9.000e-03  9.000e-03  8.000e-03  7.000e-03  7.000e-03
  6.000e-03  6.000e-03][-1.100e+02 -1.289e+00 -1.303e+00 -1.307e+00 -1.307e+00 -1.307e+00
 -1.308e+00 -1.308e+00 -1.308e+00 -1.308e+00 -1.308e+00 -1.308e+00
 -1.309e+00 -1.309e+00 -1.309e+00 -1.309e+00 -1.309e+00 -1.309e+00
 -1.310e+00 -1.310e+00 -1.310e+00 -1.310e+00 -1.310e+00 -1.310e+00
 -1.310e+00 -1.309e+00 -1.304e+00 -1.272e+00 -1.149e+00 -9.490e-01
 -7.510e-01 -5.770e-01 -4.340e-01 -3.210e-01 -2.280e-01 -1.470e-01
 -7.100e-02  1.000e-03  6.300e-02  9.100e-02  9.700e-02  9.700e-02
  9.100e-02  7.500e-02  5.500e-02  4.100e-02  3.200e-02  2.600e-02
  2.200e-02  1.900e-02  1.600e-02  1.400e-02  1.300e-02  1.100e-02
  1.000e-02  9.000e-03  9.000e-03  8.000e-03  7.000e-03  7.000e-03
  6.000e-03  6.000e-03][-1.050e+02 -1.291e+00 -1.305e+00 -1.308e+00 -1.308e+00 -1.309e+00
 -1.309e+00 -1.309e+00 -1.309e+00 -1.309e+00 -1.309e+00 -1.309e+00
 -1.310e+00 -1.310e+00 -1.310e+00 -1.310e+00 -1.310e+00 -1.310e+00
 -1.310e+00 -1.311e+00 -1.311e+00 -1.311e+00 -1.311e+00 -1.311e+00
 -1.311e+00 -1.310e+00 -1.305e+00 -1.273e+00 -1.151e+00 -9.500e-01
 -7.500e-01 -5.760e-01 -4.340e-01 -3.210e-01 -2.280e-01 -1.470e-01
 -7.100e-02  2.000e-03  6.400e-02  9.100e-02  9.800e-02  9.800e-02
  9.200e-02  7.500e-02  5.500e-02  4.100e-02  3.200e-02  2.600e-02
  2.200e-02  1.900e-02  1.600e-02  1.400e-02  1.300e-02  1.100e-02
  1.000e-02  9.000e-03  9.000e-03  8.000e-03  7.000e-03  7.000e-03
  6.000e-03  6.000e-03][-1.000e+02 -1.291e+00 -1.304e+00 -1.307e+00 -1.307e+00 -1.307e+00
 -1.308e+00 -1.308e+00 -1.308e+00 -1.308e+00 -1.308e+00 -1.308e+00
 -1.308e+00 -1.308e+00 -1.308e+00 -1.308e+00 -1.308e+00 -1.308e+00
 -1.308e+00 -1.309e+00 -1.309e+00 -1.309e+00 -1.309e+00 -1.309e+00
 -1.308e+00 -1.307e+00 -1.302e+00 -1.272e+00 -1.154e+00 -9.510e-01
 -7.490e-01 -5.760e-01 -4.320e-01 -3.200e-01 -2.270e-01 -1.460e-01
 -7.000e-02  3.000e-03  6.600e-02  9.200e-02  9.900e-02  9.800e-02
  9.200e-02  7.400e-02  5.400e-02  4.100e-02  3.200e-02  2.600e-02
  2.200e-02  1.900e-02  1.600e-02  1.400e-02  1.300e-02  1.100e-02
  1.000e-02  9.000e-03  9.000e-03  8.000e-03  7.000e-03  7.000e-03
  6.000e-03  6.000e-03][-9.500e+01 -1.290e+00 -1.303e+00 -1.306e+00 -1.307e+00 -1.307e+00
 -1.307e+00 -1.307e+00 -1.307e+00 -1.308e+00 -1.308e+00 -1.308e+00
 -1.308e+00 -1.308e+00 -1.308e+00 -1.308e+00 -1.308e+00 -1.308e+00
 -1.308e+00 -1.308e+00 -1.308e+00 -1.308e+00 -1.308e+00 -1.308e+00
 -1.308e+00 -1.307e+00 -1.301e+00 -1.270e+00 -1.151e+00 -9.500e-01
 -7.490e-01 -5.750e-01 -4.320e-01 -3.190e-01 -2.270e-01 -1.460e-01
 -7.000e-02  3.000e-03  6.500e-02  9.200e-02  9.800e-02  9.800e-02
  9.200e-02  7.400e-02  5.400e-02  4.100e-02  3.200e-02  2.600e-02
  2.200e-02  1.900e-02  1.600e-02  1.400e-02  1.300e-02  1.100e-02
  1.000e-02  9.000e-03  9.000e-03  8.000e-03  7.000e-03  7.000e-03
  7.000e-03  6.000e-03][-9.000e+01 -1.291e+00 -1.305e+00 -1.308e+00 -1.308e+00 -1.309e+00
 -1.309e+00 -1.309e+00 -1.309e+00 -1.309e+00 -1.309e+00 -1.309e+00
 -1.309e+00 -1.309e+00 -1.310e+00 -1.310e+00 -1.310e+00 -1.310e+00
 -1.310e+00 -1.310e+00 -1.310e+00 -1.309e+00 -1.309e+00 -1.309e+00
 -1.309e+00 -1.308e+00 -1.303e+00 -1.271e+00 -1.147e+00 -9.470e-01
 -7.470e-01 -5.740e-01 -4.320e-01 -3.190e-01 -2.260e-01 -1.450e-01
 -6.900e-02  3.000e-03  6.500e-02  9.100e-02  9.700e-02  9.700e-02
  9.100e-02  7.300e-02  5.400e-02  4.100e-02  3.200e-02  2.600e-02
  2.200e-02  1.800e-02  1.600e-02  1.400e-02  1.300e-02  1.100e-02
  1.000e-02  9.000e-03  9.000e-03  8.000e-03  7.000e-03  7.000e-03
  6.000e-03  6.000e-03][-8.500e+01 -1.291e+00 -1.305e+00 -1.307e+00 -1.308e+00 -1.308e+00
 -1.308e+00 -1.308e+00 -1.308e+00 -1.308e+00 -1.308e+00 -1.309e+00
 -1.309e+00 -1.308e+00 -1.309e+00 -1.308e+00 -1.308e+00 -1.308e+00
 -1.308e+00 -1.308e+00 -1.308e+00 -1.308e+00 -1.308e+00 -1.307e+00
 -1.307e+00 -1.306e+00 -1.301e+00 -1.270e+00 -1.151e+00 -9.500e-01
 -7.500e-01 -5.760e-01 -4.320e-01 -3.180e-01 -2.250e-01 -1.450e-01
 -6.900e-02  4.000e-03  6.500e-02  9.100e-02  9.700e-02  9.700e-02
  9.100e-02  7.300e-02  5.400e-02  4.100e-02  3.200e-02  2.600e-02
  2.200e-02  1.900e-02  1.600e-02  1.400e-02  1.300e-02  1.100e-02
  1.000e-02  9.000e-03  9.000e-03  8.000e-03  7.000e-03  7.000e-03
  6.000e-03  6.000e-03][-8.000e+01 -1.290e+00 -1.304e+00 -1.307e+00 -1.308e+00 -1.308e+00
 -1.308e+00 -1.308e+00 -1.308e+00 -1.308e+00 -1.308e+00 -1.309e+00
 -1.309e+00 -1.309e+00 -1.309e+00 -1.309e+00 -1.309e+00 -1.309e+00
 -1.309e+00 -1.309e+00 -1.308e+00 -1.308e+00 -1.308e+00 -1.308e+00
 -1.308e+00 -1.307e+00 -1.301e+00 -1.272e+00 -1.154e+00 -9.520e-01
 -7.510e-01 -5.770e-01 -4.330e-01 -3.190e-01 -2.260e-01 -1.450e-01
 -6.900e-02  4.000e-03  6.600e-02  9.200e-02  9.800e-02  9.800e-02
  9.100e-02  7.400e-02  5.400e-02  4.000e-02  3.200e-02  2.600e-02
  2.200e-02  1.800e-02  1.600e-02  1.400e-02  1.300e-02  1.100e-02
  1.000e-02  9.000e-03  9.000e-03  8.000e-03  7.000e-03  7.000e-03
  6.000e-03  6.000e-03][-7.500e+01 -1.286e+00 -1.301e+00 -1.304e+00 -1.305e+00 -1.305e+00
 -1.306e+00 -1.306e+00 -1.307e+00 -1.307e+00 -1.307e+00 -1.308e+00
 -1.308e+00 -1.308e+00 -1.309e+00 -1.309e+00 -1.309e+00 -1.309e+00
 -1.309e+00 -1.309e+00 -1.310e+00 -1.310e+00 -1.310e+00 -1.310e+00
 -1.310e+00 -1.309e+00 -1.303e+00 -1.273e+00 -1.151e+00 -9.500e-01
 -7.510e-01 -5.770e-01 -4.320e-01 -3.200e-01 -2.260e-01 -1.450e-01
 -6.900e-02  3.000e-03  6.400e-02  9.100e-02  9.700e-02  9.700e-02
  9.100e-02  7.300e-02  5.400e-02  4.000e-02  3.200e-02  2.600e-02
  2.200e-02  1.800e-02  1.600e-02  1.400e-02  1.300e-02  1.100e-02
  1.000e-02  9.000e-03  9.000e-03  8.000e-03  7.000e-03  7.000e-03
  6.000e-03  6.000e-03][-7.000e+01 -1.287e+00 -1.302e+00 -1.306e+00 -1.306e+00 -1.307e+00
 -1.307e+00 -1.307e+00 -1.308e+00 -1.308e+00 -1.308e+00 -1.308e+00
 -1.308e+00 -1.309e+00 -1.309e+00 -1.309e+00 -1.309e+00 -1.309e+00
 -1.309e+00 -1.309e+00 -1.309e+00 -1.309e+00 -1.309e+00 -1.309e+00
 -1.308e+00 -1.307e+00 -1.302e+00 -1.272e+00 -1.150e+00 -9.490e-01
 -7.490e-01 -5.760e-01 -4.310e-01 -3.190e-01 -2.260e-01 -1.450e-01
 -6.900e-02  4.000e-03  6.500e-02  9.100e-02  9.700e-02  9.700e-02
  9.100e-02  7.300e-02  5.300e-02  4.000e-02  3.200e-02  2.600e-02
  2.200e-02  1.800e-02  1.600e-02  1.400e-02  1.300e-02  1.100e-02
  1.000e-02  9.000e-03  9.000e-03  8.000e-03  7.000e-03  7.000e-03
  6.000e-03  6.000e-03][-6.500e+01 -1.292e+00 -1.306e+00 -1.309e+00 -1.310e+00 -1.310e+00
 -1.310e+00 -1.310e+00 -1.310e+00 -1.310e+00 -1.310e+00 -1.311e+00
 -1.311e+00 -1.310e+00 -1.311e+00 -1.310e+00 -1.310e+00 -1.310e+00
 -1.310e+00 -1.310e+00 -1.310e+00 -1.309e+00 -1.309e+00 -1.309e+00
 -1.308e+00 -1.307e+00 -1.301e+00 -1.270e+00 -1.149e+00 -9.470e-01
 -7.480e-01 -5.740e-01 -4.310e-01 -3.190e-01 -2.260e-01 -1.450e-01
 -6.900e-02  4.000e-03  6.600e-02  9.200e-02  9.700e-02  9.700e-02
  9.100e-02  7.300e-02  5.300e-02  4.000e-02  3.200e-02  2.600e-02
  2.200e-02  1.800e-02  1.600e-02  1.400e-02  1.300e-02  1.100e-02
  1.000e-02  9.000e-03  9.000e-03  8.000e-03  7.000e-03  7.000e-03
  6.000e-03  6.000e-03][-6.000e+01 -1.291e+00 -1.305e+00 -1.308e+00 -1.308e+00 -1.309e+00
 -1.309e+00 -1.309e+00 -1.309e+00 -1.309e+00 -1.309e+00 -1.310e+00
 -1.310e+00 -1.310e+00 -1.310e+00 -1.310e+00 -1.310e+00 -1.310e+00
 -1.310e+00 -1.310e+00 -1.310e+00 -1.309e+00 -1.309e+00 -1.309e+00
 -1.308e+00 -1.307e+00 -1.301e+00 -1.270e+00 -1.149e+00 -9.460e-01
 -7.460e-01 -5.730e-01 -4.300e-01 -3.180e-01 -2.250e-01 -1.450e-01
 -6.900e-02  4.000e-03  6.500e-02  9.100e-02  9.700e-02  9.700e-02
  9.100e-02  7.300e-02  5.400e-02  4.000e-02  3.200e-02  2.600e-02
  2.200e-02  1.800e-02  1.600e-02  1.400e-02  1.300e-02  1.100e-02
  1.000e-02  9.000e-03  9.000e-03  8.000e-03  7.000e-03  7.000e-03
  6.000e-03  6.000e-03][-5.500e+01 -1.292e+00 -1.305e+00 -1.308e+00 -1.308e+00 -1.309e+00
 -1.309e+00 -1.309e+00 -1.309e+00 -1.310e+00 -1.310e+00 -1.310e+00
 -1.310e+00 -1.310e+00 -1.310e+00 -1.311e+00 -1.311e+00 -1.311e+00
 -1.311e+00 -1.311e+00 -1.311e+00 -1.311e+00 -1.310e+00 -1.310e+00
 -1.310e+00 -1.309e+00 -1.303e+00 -1.272e+00 -1.151e+00 -9.480e-01
 -7.460e-01 -5.710e-01 -4.300e-01 -3.170e-01 -2.250e-01 -1.440e-01
 -6.900e-02  4.000e-03  6.600e-02  9.200e-02  9.800e-02  9.800e-02
  9.100e-02  7.300e-02  5.400e-02  4.000e-02  3.200e-02  2.600e-02
  2.100e-02  1.800e-02  1.600e-02  1.400e-02  1.300e-02  1.100e-02
  1.000e-02  9.000e-03  9.000e-03  8.000e-03  7.000e-03  7.000e-03
  6.000e-03  6.000e-03][-5.000e+01 -1.295e+00 -1.307e+00 -1.310e+00 -1.310e+00 -1.310e+00
 -1.311e+00 -1.311e+00 -1.311e+00 -1.311e+00 -1.311e+00 -1.311e+00
 -1.311e+00 -1.312e+00 -1.312e+00 -1.312e+00 -1.312e+00 -1.312e+00
 -1.312e+00 -1.313e+00 -1.313e+00 -1.313e+00 -1.313e+00 -1.313e+00
 -1.313e+00 -1.312e+00 -1.306e+00 -1.274e+00 -1.149e+00 -9.450e-01
 -7.430e-01 -5.700e-01 -4.280e-01 -3.160e-01 -2.240e-01 -1.440e-01
 -6.900e-02  4.000e-03  6.600e-02  9.200e-02  9.700e-02  9.700e-02
  9.100e-02  7.300e-02  5.400e-02  4.000e-02  3.200e-02  2.600e-02
  2.100e-02  1.800e-02  1.600e-02  1.400e-02  1.300e-02  1.100e-02
  1.000e-02  9.000e-03  9.000e-03  8.000e-03  7.000e-03  7.000e-03
  6.000e-03  6.000e-03][-4.500e+01 -1.296e+00 -1.307e+00 -1.310e+00 -1.310e+00 -1.310e+00
 -1.310e+00 -1.310e+00 -1.310e+00 -1.310e+00 -1.310e+00 -1.310e+00
 -1.310e+00 -1.310e+00 -1.311e+00 -1.311e+00 -1.311e+00 -1.311e+00
 -1.311e+00 -1.311e+00 -1.311e+00 -1.311e+00 -1.312e+00 -1.312e+00
 -1.312e+00 -1.310e+00 -1.305e+00 -1.272e+00 -1.147e+00 -9.430e-01
 -7.420e-01 -5.700e-01 -4.270e-01 -3.160e-01 -2.240e-01 -1.440e-01
 -6.900e-02  4.000e-03  6.600e-02  9.200e-02  9.700e-02  9.700e-02
  9.100e-02  7.300e-02  5.300e-02  4.000e-02  3.200e-02  2.600e-02
  2.100e-02  1.800e-02  1.600e-02  1.400e-02  1.300e-02  1.100e-02
  1.000e-02  9.000e-03  9.000e-03  8.000e-03  7.000e-03  7.000e-03
  6.000e-03  6.000e-03][-4.000e+01 -1.298e+00 -1.309e+00 -1.311e+00 -1.311e+00 -1.311e+00
 -1.311e+00 -1.311e+00 -1.311e+00 -1.310e+00 -1.310e+00 -1.310e+00
 -1.310e+00 -1.310e+00 -1.310e+00 -1.310e+00 -1.310e+00 -1.310e+00
 -1.310e+00 -1.310e+00 -1.310e+00 -1.311e+00 -1.311e+00 -1.311e+00
 -1.311e+00 -1.310e+00 -1.304e+00 -1.272e+00 -1.148e+00 -9.430e-01
 -7.410e-01 -5.680e-01 -4.270e-01 -3.150e-01 -2.230e-01 -1.430e-01
 -6.800e-02  4.000e-03  6.600e-02  9.200e-02  9.800e-02  9.800e-02
  9.100e-02  7.300e-02  5.300e-02  4.000e-02  3.200e-02  2.600e-02
  2.100e-02  1.800e-02  1.600e-02  1.400e-02  1.300e-02  1.100e-02
  1.000e-02  9.000e-03  9.000e-03  8.000e-03  7.000e-03  7.000e-03
  6.000e-03  6.000e-03][-3.500e+01 -1.298e+00 -1.310e+00 -1.311e+00 -1.311e+00 -1.311e+00
 -1.311e+00 -1.311e+00 -1.310e+00 -1.310e+00 -1.310e+00 -1.310e+00
 -1.310e+00 -1.310e+00 -1.310e+00 -1.310e+00 -1.310e+00 -1.310e+00
 -1.310e+00 -1.310e+00 -1.311e+00 -1.311e+00 -1.311e+00 -1.311e+00
 -1.311e+00 -1.310e+00 -1.305e+00 -1.273e+00 -1.147e+00 -9.420e-01
 -7.400e-01 -5.670e-01 -4.260e-01 -3.150e-01 -2.230e-01 -1.430e-01
 -6.900e-02  3.000e-03  6.500e-02  9.200e-02  9.700e-02  9.700e-02
  9.100e-02  7.300e-02  5.400e-02  4.000e-02  3.200e-02  2.600e-02
  2.100e-02  1.800e-02  1.600e-02  1.400e-02  1.300e-02  1.100e-02
  1.000e-02  9.000e-03  9.000e-03  8.000e-03  7.000e-03  7.000e-03
  6.000e-03  6.000e-03][-3.000e+01 -1.299e+00 -1.309e+00 -1.311e+00 -1.311e+00 -1.311e+00
 -1.311e+00 -1.311e+00 -1.310e+00 -1.310e+00 -1.310e+00 -1.311e+00
 -1.310e+00 -1.311e+00 -1.311e+00 -1.311e+00 -1.311e+00 -1.311e+00
 -1.311e+00 -1.311e+00 -1.311e+00 -1.312e+00 -1.312e+00 -1.312e+00
 -1.312e+00 -1.311e+00 -1.305e+00 -1.273e+00 -1.144e+00 -9.380e-01
 -7.370e-01 -5.640e-01 -4.240e-01 -3.130e-01 -2.220e-01 -1.420e-01
 -6.800e-02  4.000e-03  6.600e-02  9.200e-02  9.700e-02  9.700e-02
  9.100e-02  7.300e-02  5.300e-02  4.000e-02  3.100e-02  2.600e-02
  2.100e-02  1.800e-02  1.600e-02  1.400e-02  1.300e-02  1.100e-02
  1.000e-02  9.000e-03  9.000e-03  8.000e-03  7.000e-03  7.000e-03
  6.000e-03  6.000e-03][-2.500e+01 -1.299e+00 -1.310e+00 -1.311e+00 -1.312e+00 -1.312e+00
 -1.312e+00 -1.311e+00 -1.311e+00 -1.311e+00 -1.311e+00 -1.311e+00
 -1.312e+00 -1.312e+00 -1.312e+00 -1.312e+00 -1.312e+00 -1.312e+00
 -1.312e+00 -1.312e+00 -1.312e+00 -1.312e+00 -1.312e+00 -1.312e+00
 -1.312e+00 -1.311e+00 -1.305e+00 -1.272e+00 -1.143e+00 -9.360e-01
 -7.350e-01 -5.630e-01 -4.220e-01 -3.120e-01 -2.210e-01 -1.420e-01
 -6.700e-02  6.000e-03  6.900e-02  9.300e-02  9.800e-02  9.800e-02
  9.100e-02  7.300e-02  5.300e-02  4.000e-02  3.100e-02  2.600e-02
  2.100e-02  1.800e-02  1.600e-02  1.400e-02  1.200e-02  1.100e-02
  1.000e-02  9.000e-03  9.000e-03  8.000e-03  7.000e-03  7.000e-03
  6.000e-03  6.000e-03][-2.000e+01 -1.298e+00 -1.310e+00 -1.312e+00 -1.312e+00 -1.312e+00
 -1.311e+00 -1.311e+00 -1.311e+00 -1.311e+00 -1.311e+00 -1.311e+00
 -1.311e+00 -1.311e+00 -1.311e+00 -1.311e+00 -1.311e+00 -1.311e+00
 -1.311e+00 -1.311e+00 -1.311e+00 -1.310e+00 -1.310e+00 -1.310e+00
 -1.310e+00 -1.309e+00 -1.303e+00 -1.269e+00 -1.140e+00 -9.340e-01
 -7.340e-01 -5.610e-01 -4.220e-01 -3.120e-01 -2.210e-01 -1.410e-01
 -6.600e-02  7.000e-03  6.900e-02  9.300e-02  9.800e-02  9.800e-02
  9.100e-02  7.300e-02  5.300e-02  4.000e-02  3.100e-02  2.600e-02
  2.100e-02  1.800e-02  1.600e-02  1.400e-02  1.300e-02  1.100e-02
  1.000e-02  9.000e-03  9.000e-03  8.000e-03  7.000e-03  7.000e-03
  6.000e-03  6.000e-03][-1.500e+01 -1.295e+00 -1.307e+00 -1.309e+00 -1.310e+00 -1.310e+00
 -1.309e+00 -1.309e+00 -1.309e+00 -1.309e+00 -1.309e+00 -1.309e+00
 -1.309e+00 -1.309e+00 -1.309e+00 -1.309e+00 -1.309e+00 -1.309e+00
 -1.309e+00 -1.309e+00 -1.309e+00 -1.309e+00 -1.309e+00 -1.309e+00
 -1.309e+00 -1.308e+00 -1.302e+00 -1.267e+00 -1.137e+00 -9.330e-01
 -7.330e-01 -5.620e-01 -4.220e-01 -3.120e-01 -2.210e-01 -1.410e-01
 -6.600e-02  6.000e-03  6.800e-02  9.200e-02  9.700e-02  9.700e-02
  9.100e-02  7.300e-02  5.300e-02  4.000e-02  3.200e-02  2.600e-02
  2.100e-02  1.800e-02  1.600e-02  1.400e-02  1.300e-02  1.100e-02
  1.000e-02  9.000e-03  9.000e-03  8.000e-03  7.000e-03  7.000e-03
  6.000e-03  6.000e-03][-1.000e+01 -1.287e+00 -1.300e+00 -1.302e+00 -1.303e+00 -1.303e+00
 -1.303e+00 -1.303e+00 -1.304e+00 -1.304e+00 -1.304e+00 -1.304e+00
 -1.304e+00 -1.305e+00 -1.305e+00 -1.305e+00 -1.305e+00 -1.306e+00
 -1.306e+00 -1.306e+00 -1.306e+00 -1.306e+00 -1.307e+00 -1.307e+00
 -1.307e+00 -1.306e+00 -1.300e+00 -1.265e+00 -1.135e+00 -9.330e-01
 -7.330e-01 -5.630e-01 -4.230e-01 -3.130e-01 -2.210e-01 -1.420e-01
 -6.700e-02  6.000e-03  6.600e-02  9.200e-02  9.700e-02  9.600e-02
  9.000e-02  7.300e-02  5.400e-02  4.000e-02  3.200e-02  2.600e-02
  2.100e-02  1.800e-02  1.600e-02  1.400e-02  1.300e-02  1.100e-02
  1.000e-02  9.000e-03  9.000e-03  8.000e-03  7.000e-03  7.000e-03
  6.000e-03  6.000e-03][-5.    -1.286 -1.299 -1.302 -1.303 -1.303 -1.303 -1.304 -1.304 -1.304
 -1.304 -1.305 -1.305 -1.305 -1.306 -1.306 -1.306 -1.307 -1.307 -1.307
 -1.308 -1.308 -1.308 -1.309 -1.309 -1.308 -1.302 -1.269 -1.142 -0.938
 -0.737 -0.565 -0.425 -0.314 -0.222 -0.142 -0.067  0.005  0.066  0.092
  0.097  0.097  0.091  0.073  0.054  0.04   0.031  0.026  0.021  0.018
  0.016  0.014  0.013  0.011  0.01   0.009  0.009  0.008  0.007  0.007
  0.006  0.006][ 0.    -1.288 -1.301 -1.304 -1.305 -1.305 -1.305 -1.306 -1.306 -1.306
 -1.307 -1.307 -1.307 -1.307 -1.308 -1.308 -1.308 -1.309 -1.309 -1.309
 -1.31  -1.31  -1.31  -1.31  -1.31  -1.309 -1.303 -1.27  -1.145 -0.94
 -0.738 -0.565 -0.425 -0.314 -0.222 -0.142 -0.067  0.005  0.067  0.093
  0.098  0.097  0.091  0.073  0.053  0.04   0.031  0.025  0.021  0.018
  0.016  0.014  0.013  0.011  0.01   0.009  0.009  0.008  0.007  0.007
  0.006  0.006][ 5.    -1.292 -1.305 -1.309 -1.31  -1.31  -1.31  -1.311 -1.311 -1.311
 -1.311 -1.311 -1.312 -1.312 -1.312 -1.312 -1.312 -1.312 -1.312 -1.312
 -1.312 -1.311 -1.311 -1.311 -1.31  -1.308 -1.301 -1.269 -1.146 -0.94
 -0.739 -0.565 -0.425 -0.314 -0.222 -0.142 -0.066  0.007  0.069  0.093
  0.098  0.098  0.091  0.072  0.052  0.04   0.031  0.025  0.021  0.018
  0.016  0.014  0.012  0.011  0.01   0.009  0.009  0.008  0.007  0.007
  0.006  0.006][ 1.000e+01 -1.295e+00 -1.308e+00 -1.311e+00 -1.312e+00 -1.312e+00
 -1.312e+00 -1.313e+00 -1.313e+00 -1.313e+00 -1.313e+00 -1.313e+00
 -1.313e+00 -1.313e+00 -1.313e+00 -1.313e+00 -1.313e+00 -1.313e+00
 -1.313e+00 -1.312e+00 -1.312e+00 -1.312e+00 -1.311e+00 -1.311e+00
 -1.310e+00 -1.308e+00 -1.300e+00 -1.267e+00 -1.144e+00 -9.380e-01
 -7.370e-01 -5.640e-01 -4.230e-01 -3.130e-01 -2.210e-01 -1.410e-01
 -6.500e-02  9.000e-03  7.000e-02  9.300e-02  9.800e-02  9.800e-02
  9.100e-02  7.100e-02  5.200e-02  3.900e-02  3.100e-02  2.500e-02
  2.100e-02  1.800e-02  1.600e-02  1.400e-02  1.300e-02  1.100e-02
  1.000e-02  9.000e-03  9.000e-03  8.000e-03  7.000e-03  7.000e-03
  6.000e-03  6.000e-03][ 1.500e+01 -1.294e+00 -1.306e+00 -1.309e+00 -1.310e+00 -1.310e+00
 -1.311e+00 -1.311e+00 -1.311e+00 -1.311e+00 -1.311e+00 -1.311e+00
 -1.311e+00 -1.312e+00 -1.311e+00 -1.311e+00 -1.311e+00 -1.311e+00
 -1.311e+00 -1.311e+00 -1.311e+00 -1.310e+00 -1.310e+00 -1.309e+00
 -1.308e+00 -1.306e+00 -1.299e+00 -1.266e+00 -1.141e+00 -9.370e-01
 -7.360e-01 -5.620e-01 -4.230e-01 -3.130e-01 -2.210e-01 -1.400e-01
 -6.400e-02  9.000e-03  7.100e-02  9.400e-02  9.800e-02  9.800e-02
  9.100e-02  7.100e-02  5.200e-02  3.900e-02  3.100e-02  2.500e-02
  2.100e-02  1.800e-02  1.600e-02  1.400e-02  1.200e-02  1.100e-02
  1.000e-02  9.000e-03  9.000e-03  8.000e-03  7.000e-03  7.000e-03
  6.000e-03  6.000e-03][ 2.000e+01 -1.292e+00 -1.304e+00 -1.306e+00 -1.307e+00 -1.308e+00
 -1.308e+00 -1.309e+00 -1.309e+00 -1.309e+00 -1.309e+00 -1.309e+00
 -1.310e+00 -1.310e+00 -1.310e+00 -1.310e+00 -1.310e+00 -1.310e+00
 -1.310e+00 -1.310e+00 -1.310e+00 -1.309e+00 -1.309e+00 -1.309e+00
 -1.308e+00 -1.306e+00 -1.300e+00 -1.267e+00 -1.141e+00 -9.370e-01
 -7.350e-01 -5.620e-01 -4.230e-01 -3.120e-01 -2.210e-01 -1.400e-01
 -6.400e-02  9.000e-03  7.000e-02  9.400e-02  9.800e-02  9.800e-02
  9.000e-02  7.100e-02  5.200e-02  3.900e-02  3.100e-02  2.500e-02
  2.100e-02  1.800e-02  1.600e-02  1.400e-02  1.200e-02  1.100e-02
  1.000e-02  9.000e-03  8.000e-03  8.000e-03  7.000e-03  7.000e-03
  6.000e-03  6.000e-03][ 2.500e+01 -1.292e+00 -1.304e+00 -1.306e+00 -1.307e+00 -1.308e+00
 -1.308e+00 -1.309e+00 -1.309e+00 -1.309e+00 -1.309e+00 -1.309e+00
 -1.310e+00 -1.310e+00 -1.310e+00 -1.310e+00 -1.310e+00 -1.310e+00
 -1.310e+00 -1.310e+00 -1.310e+00 -1.310e+00 -1.310e+00 -1.309e+00
 -1.309e+00 -1.307e+00 -1.301e+00 -1.269e+00 -1.143e+00 -9.370e-01
 -7.370e-01 -5.630e-01 -4.220e-01 -3.120e-01 -2.200e-01 -1.400e-01
 -6.400e-02  9.000e-03  7.000e-02  9.400e-02  9.800e-02  9.800e-02
  9.100e-02  7.100e-02  5.200e-02  3.900e-02  3.100e-02  2.500e-02
  2.100e-02  1.800e-02  1.600e-02  1.400e-02  1.200e-02  1.100e-02
  1.000e-02  9.000e-03  9.000e-03  8.000e-03  7.000e-03  7.000e-03
  6.000e-03  6.000e-03][ 3.000e+01 -1.294e+00 -1.306e+00 -1.308e+00 -1.309e+00 -1.309e+00
 -1.309e+00 -1.310e+00 -1.310e+00 -1.310e+00 -1.310e+00 -1.310e+00
 -1.310e+00 -1.311e+00 -1.311e+00 -1.311e+00 -1.311e+00 -1.311e+00
 -1.311e+00 -1.311e+00 -1.311e+00 -1.311e+00 -1.311e+00 -1.310e+00
 -1.310e+00 -1.309e+00 -1.303e+00 -1.271e+00 -1.143e+00 -9.360e-01
 -7.370e-01 -5.620e-01 -4.220e-01 -3.120e-01 -2.200e-01 -1.400e-01
 -6.400e-02  9.000e-03  7.100e-02  9.400e-02  9.800e-02  9.800e-02
  9.100e-02  7.100e-02  5.200e-02  3.900e-02  3.100e-02  2.500e-02
  2.100e-02  1.800e-02  1.600e-02  1.400e-02  1.200e-02  1.100e-02
  1.000e-02  9.000e-03  8.000e-03  8.000e-03  7.000e-03  7.000e-03
  6.000e-03  6.000e-03][ 3.500e+01 -1.291e+00 -1.303e+00 -1.306e+00 -1.307e+00 -1.308e+00
 -1.308e+00 -1.309e+00 -1.309e+00 -1.309e+00 -1.310e+00 -1.310e+00
 -1.311e+00 -1.311e+00 -1.311e+00 -1.312e+00 -1.312e+00 -1.312e+00
 -1.312e+00 -1.312e+00 -1.312e+00 -1.312e+00 -1.312e+00 -1.312e+00
 -1.312e+00 -1.311e+00 -1.305e+00 -1.274e+00 -1.142e+00 -9.340e-01
 -7.340e-01 -5.620e-01 -4.230e-01 -3.120e-01 -2.200e-01 -1.390e-01
 -6.300e-02  9.000e-03  7.100e-02  9.400e-02  9.800e-02  9.700e-02
  9.100e-02  7.100e-02  5.200e-02  3.900e-02  3.100e-02  2.500e-02
  2.100e-02  1.800e-02  1.600e-02  1.400e-02  1.200e-02  1.100e-02
  1.000e-02  9.000e-03  8.000e-03  8.000e-03  7.000e-03  7.000e-03
  6.000e-03  6.000e-03][ 4.000e+01 -1.291e+00 -1.304e+00 -1.307e+00 -1.308e+00 -1.308e+00
 -1.309e+00 -1.310e+00 -1.310e+00 -1.311e+00 -1.311e+00 -1.311e+00
 -1.312e+00 -1.312e+00 -1.313e+00 -1.313e+00 -1.313e+00 -1.313e+00
 -1.314e+00 -1.314e+00 -1.314e+00 -1.314e+00 -1.314e+00 -1.314e+00
 -1.314e+00 -1.313e+00 -1.307e+00 -1.276e+00 -1.143e+00 -9.340e-01
 -7.340e-01 -5.600e-01 -4.210e-01 -3.110e-01 -2.190e-01 -1.390e-01
 -6.300e-02  1.100e-02  7.100e-02  9.300e-02  9.800e-02  9.800e-02
  9.100e-02  7.100e-02  5.200e-02  3.900e-02  3.100e-02  2.500e-02
  2.100e-02  1.800e-02  1.600e-02  1.400e-02  1.200e-02  1.100e-02
  1.000e-02  9.000e-03  8.000e-03  8.000e-03  7.000e-03  7.000e-03
  6.000e-03  6.000e-03][ 4.500e+01 -1.299e+00 -1.311e+00 -1.314e+00 -1.315e+00 -1.315e+00
 -1.315e+00 -1.315e+00 -1.316e+00 -1.316e+00 -1.316e+00 -1.316e+00
 -1.316e+00 -1.316e+00 -1.316e+00 -1.316e+00 -1.316e+00 -1.316e+00
 -1.315e+00 -1.315e+00 -1.315e+00 -1.315e+00 -1.314e+00 -1.314e+00
 -1.313e+00 -1.312e+00 -1.306e+00 -1.275e+00 -1.145e+00 -9.360e-01
 -7.350e-01 -5.600e-01 -4.200e-01 -3.100e-01 -2.190e-01 -1.390e-01
 -6.200e-02  1.100e-02  7.100e-02  9.400e-02  9.800e-02  9.800e-02
  9.100e-02  7.100e-02  5.200e-02  3.900e-02  3.100e-02  2.500e-02
  2.100e-02  1.800e-02  1.600e-02  1.400e-02  1.200e-02  1.100e-02
  1.000e-02  9.000e-03  9.000e-03  8.000e-03  7.000e-03  7.000e-03
  6.000e-03  6.000e-03][ 5.000e+01 -1.304e+00 -1.315e+00 -1.317e+00 -1.318e+00 -1.318e+00
 -1.319e+00 -1.319e+00 -1.319e+00 -1.319e+00 -1.319e+00 -1.319e+00
 -1.319e+00 -1.320e+00 -1.319e+00 -1.319e+00 -1.319e+00 -1.319e+00
 -1.319e+00 -1.319e+00 -1.318e+00 -1.318e+00 -1.318e+00 -1.317e+00
 -1.316e+00 -1.315e+00 -1.309e+00 -1.278e+00 -1.145e+00 -9.350e-01
 -7.330e-01 -5.590e-01 -4.200e-01 -3.100e-01 -2.180e-01 -1.380e-01
 -6.100e-02  1.200e-02  7.200e-02  9.400e-02  9.900e-02  9.800e-02
  9.200e-02  7.200e-02  5.200e-02  3.900e-02  3.100e-02  2.500e-02
  2.100e-02  1.800e-02  1.600e-02  1.400e-02  1.200e-02  1.100e-02
  1.000e-02  9.000e-03  9.000e-03  8.000e-03  7.000e-03  7.000e-03
  6.000e-03  6.000e-03][ 5.500e+01 -1.305e+00 -1.315e+00 -1.318e+00 -1.319e+00 -1.319e+00
 -1.320e+00 -1.320e+00 -1.321e+00 -1.321e+00 -1.321e+00 -1.322e+00
 -1.322e+00 -1.322e+00 -1.322e+00 -1.322e+00 -1.322e+00 -1.323e+00
 -1.322e+00 -1.322e+00 -1.322e+00 -1.322e+00 -1.322e+00 -1.321e+00
 -1.321e+00 -1.319e+00 -1.313e+00 -1.280e+00 -1.145e+00 -9.340e-01
 -7.330e-01 -5.590e-01 -4.200e-01 -3.090e-01 -2.180e-01 -1.380e-01
 -6.100e-02  1.300e-02  7.400e-02  9.500e-02  9.900e-02  9.900e-02
  9.200e-02  7.200e-02  5.200e-02  3.900e-02  3.100e-02  2.500e-02
  2.100e-02  1.800e-02  1.600e-02  1.400e-02  1.200e-02  1.100e-02
  1.000e-02  9.000e-03  8.000e-03  8.000e-03  7.000e-03  7.000e-03
  6.000e-03  6.000e-03][ 6.000e+01 -1.305e+00 -1.316e+00 -1.318e+00 -1.318e+00 -1.319e+00
 -1.319e+00 -1.319e+00 -1.319e+00 -1.320e+00 -1.320e+00 -1.320e+00
 -1.320e+00 -1.320e+00 -1.320e+00 -1.320e+00 -1.320e+00 -1.320e+00
 -1.320e+00 -1.320e+00 -1.319e+00 -1.319e+00 -1.319e+00 -1.319e+00
 -1.318e+00 -1.317e+00 -1.311e+00 -1.279e+00 -1.145e+00 -9.350e-01
 -7.340e-01 -5.590e-01 -4.200e-01 -3.100e-01 -2.180e-01 -1.380e-01
 -6.100e-02  1.300e-02  7.400e-02  9.500e-02  9.900e-02  9.800e-02
  9.100e-02  7.100e-02  5.200e-02  3.900e-02  3.100e-02  2.500e-02
  2.100e-02  1.800e-02  1.600e-02  1.400e-02  1.200e-02  1.100e-02
  1.000e-02  9.000e-03  9.000e-03  8.000e-03  7.000e-03  7.000e-03
  6.000e-03  6.000e-03][ 6.500e+01 -1.305e+00 -1.315e+00 -1.317e+00 -1.317e+00 -1.318e+00
 -1.318e+00 -1.318e+00 -1.318e+00 -1.318e+00 -1.318e+00 -1.318e+00
 -1.318e+00 -1.318e+00 -1.318e+00 -1.318e+00 -1.318e+00 -1.318e+00
 -1.317e+00 -1.317e+00 -1.317e+00 -1.317e+00 -1.316e+00 -1.316e+00
 -1.315e+00 -1.314e+00 -1.308e+00 -1.275e+00 -1.143e+00 -9.350e-01
 -7.350e-01 -5.590e-01 -4.210e-01 -3.110e-01 -2.180e-01 -1.380e-01
 -6.200e-02  1.200e-02  7.200e-02  9.400e-02  9.800e-02  9.800e-02
  9.000e-02  7.000e-02  5.100e-02  3.900e-02  3.100e-02  2.500e-02
  2.100e-02  1.800e-02  1.600e-02  1.400e-02  1.200e-02  1.100e-02
  1.000e-02  9.000e-03  9.000e-03  8.000e-03  7.000e-03  7.000e-03
  6.000e-03  6.000e-03][ 7.000e+01 -1.304e+00 -1.313e+00 -1.315e+00 -1.315e+00 -1.316e+00
 -1.316e+00 -1.316e+00 -1.316e+00 -1.316e+00 -1.316e+00 -1.316e+00
 -1.316e+00 -1.316e+00 -1.316e+00 -1.316e+00 -1.316e+00 -1.315e+00
 -1.315e+00 -1.315e+00 -1.315e+00 -1.314e+00 -1.314e+00 -1.313e+00
 -1.313e+00 -1.311e+00 -1.305e+00 -1.272e+00 -1.143e+00 -9.340e-01
 -7.330e-01 -5.580e-01 -4.210e-01 -3.110e-01 -2.190e-01 -1.380e-01
 -6.200e-02  1.200e-02  7.200e-02  9.400e-02  9.800e-02  9.800e-02
  9.000e-02  7.000e-02  5.100e-02  3.900e-02  3.100e-02  2.500e-02
  2.100e-02  1.800e-02  1.600e-02  1.400e-02  1.200e-02  1.100e-02
  1.000e-02  9.000e-03  9.000e-03  8.000e-03  7.000e-03  7.000e-03
  6.000e-03  6.000e-03][ 7.500e+01 -1.302e+00 -1.313e+00 -1.315e+00 -1.316e+00 -1.316e+00
 -1.316e+00 -1.316e+00 -1.316e+00 -1.316e+00 -1.316e+00 -1.316e+00
 -1.316e+00 -1.316e+00 -1.316e+00 -1.316e+00 -1.316e+00 -1.316e+00
 -1.315e+00 -1.315e+00 -1.315e+00 -1.315e+00 -1.314e+00 -1.314e+00
 -1.313e+00 -1.311e+00 -1.305e+00 -1.272e+00 -1.140e+00 -9.330e-01
 -7.320e-01 -5.580e-01 -4.200e-01 -3.100e-01 -2.190e-01 -1.380e-01
 -6.200e-02  1.100e-02  7.100e-02  9.400e-02  9.800e-02  9.700e-02
  9.000e-02  7.000e-02  5.100e-02  3.800e-02  3.000e-02  2.500e-02
  2.100e-02  1.800e-02  1.600e-02  1.400e-02  1.200e-02  1.100e-02
  1.000e-02  9.000e-03  9.000e-03  8.000e-03  7.000e-03  7.000e-03
  6.000e-03  6.000e-03][ 8.000e+01 -1.303e+00 -1.314e+00 -1.316e+00 -1.317e+00 -1.317e+00
 -1.317e+00 -1.317e+00 -1.318e+00 -1.318e+00 -1.318e+00 -1.318e+00
 -1.318e+00 -1.318e+00 -1.318e+00 -1.318e+00 -1.318e+00 -1.317e+00
 -1.317e+00 -1.317e+00 -1.317e+00 -1.316e+00 -1.316e+00 -1.316e+00
 -1.315e+00 -1.313e+00 -1.307e+00 -1.274e+00 -1.138e+00 -9.310e-01
 -7.310e-01 -5.570e-01 -4.190e-01 -3.100e-01 -2.190e-01 -1.380e-01
 -6.200e-02  1.100e-02  7.100e-02  9.300e-02  9.700e-02  9.700e-02
  9.000e-02  7.000e-02  5.100e-02  3.800e-02  3.000e-02  2.500e-02
  2.100e-02  1.800e-02  1.600e-02  1.400e-02  1.200e-02  1.100e-02
  1.000e-02  9.000e-03  8.000e-03  8.000e-03  7.000e-03  7.000e-03
  6.000e-03  6.000e-03][ 8.500e+01 -1.296e+00 -1.307e+00 -1.309e+00 -1.310e+00 -1.311e+00
 -1.311e+00 -1.311e+00 -1.312e+00 -1.312e+00 -1.312e+00 -1.313e+00
 -1.313e+00 -1.313e+00 -1.313e+00 -1.313e+00 -1.313e+00 -1.314e+00
 -1.313e+00 -1.313e+00 -1.313e+00 -1.313e+00 -1.313e+00 -1.313e+00
 -1.312e+00 -1.311e+00 -1.305e+00 -1.272e+00 -1.138e+00 -9.300e-01
 -7.290e-01 -5.560e-01 -4.190e-01 -3.090e-01 -2.180e-01 -1.380e-01
 -6.100e-02  1.200e-02  7.200e-02  9.400e-02  9.800e-02  9.700e-02
  9.000e-02  7.000e-02  5.100e-02  3.800e-02  3.000e-02  2.500e-02
  2.100e-02  1.800e-02  1.600e-02  1.400e-02  1.200e-02  1.100e-02
  1.000e-02  9.000e-03  8.000e-03  8.000e-03  7.000e-03  7.000e-03
  6.000e-03  6.000e-03][ 9.000e+01 -1.295e+00 -1.305e+00 -1.308e+00 -1.308e+00 -1.309e+00
 -1.309e+00 -1.310e+00 -1.310e+00 -1.310e+00 -1.311e+00 -1.311e+00
 -1.311e+00 -1.311e+00 -1.311e+00 -1.311e+00 -1.311e+00 -1.311e+00
 -1.311e+00 -1.311e+00 -1.311e+00 -1.311e+00 -1.311e+00 -1.310e+00
 -1.310e+00 -1.309e+00 -1.303e+00 -1.270e+00 -1.137e+00 -9.290e-01
 -7.300e-01 -5.550e-01 -4.180e-01 -3.090e-01 -2.170e-01 -1.370e-01
 -6.100e-02  1.300e-02  7.300e-02  9.400e-02  9.800e-02  9.800e-02
  9.000e-02  7.000e-02  5.100e-02  3.800e-02  3.000e-02  2.500e-02
  2.100e-02  1.800e-02  1.600e-02  1.400e-02  1.200e-02  1.100e-02
  1.000e-02  9.000e-03  9.000e-03  8.000e-03  7.000e-03  7.000e-03
  6.000e-03  6.000e-03][ 9.500e+01 -1.300e+00 -1.311e+00 -1.313e+00 -1.313e+00 -1.314e+00
 -1.314e+00 -1.314e+00 -1.314e+00 -1.314e+00 -1.314e+00 -1.314e+00
 -1.314e+00 -1.314e+00 -1.314e+00 -1.314e+00 -1.314e+00 -1.314e+00
 -1.313e+00 -1.313e+00 -1.313e+00 -1.312e+00 -1.312e+00 -1.312e+00
 -1.311e+00 -1.309e+00 -1.303e+00 -1.270e+00 -1.135e+00 -9.270e-01
 -7.300e-01 -5.550e-01 -4.180e-01 -3.090e-01 -2.170e-01 -1.370e-01
 -6.000e-02  1.400e-02  7.300e-02  9.400e-02  9.800e-02  9.700e-02
  8.900e-02  7.000e-02  5.100e-02  3.800e-02  3.000e-02  2.500e-02
  2.100e-02  1.800e-02  1.600e-02  1.400e-02  1.200e-02  1.100e-02
  1.000e-02  9.000e-03  9.000e-03  8.000e-03  7.000e-03  7.000e-03
  6.000e-03  6.000e-03][ 1.000e+02 -1.303e+00 -1.313e+00 -1.315e+00 -1.315e+00 -1.316e+00
 -1.316e+00 -1.316e+00 -1.316e+00 -1.316e+00 -1.316e+00 -1.316e+00
 -1.316e+00 -1.317e+00 -1.316e+00 -1.316e+00 -1.316e+00 -1.316e+00
 -1.316e+00 -1.315e+00 -1.315e+00 -1.315e+00 -1.314e+00 -1.314e+00
 -1.313e+00 -1.312e+00 -1.306e+00 -1.272e+00 -1.135e+00 -9.270e-01
 -7.310e-01 -5.550e-01 -4.180e-01 -3.080e-01 -2.170e-01 -1.360e-01
 -6.000e-02  1.400e-02  7.200e-02  9.400e-02  9.800e-02  9.700e-02
  8.900e-02  6.900e-02  5.100e-02  3.800e-02  3.000e-02  2.500e-02
  2.100e-02  1.800e-02  1.600e-02  1.400e-02  1.200e-02  1.100e-02
  1.000e-02  9.000e-03  8.000e-03  8.000e-03  7.000e-03  7.000e-03
  6.000e-03  6.000e-03][ 1.050e+02 -1.301e+00 -1.312e+00 -1.315e+00 -1.316e+00 -1.316e+00
 -1.316e+00 -1.317e+00 -1.317e+00 -1.317e+00 -1.317e+00 -1.317e+00
 -1.317e+00 -1.317e+00 -1.317e+00 -1.317e+00 -1.317e+00 -1.317e+00
 -1.316e+00 -1.316e+00 -1.316e+00 -1.315e+00 -1.315e+00 -1.315e+00
 -1.314e+00 -1.313e+00 -1.307e+00 -1.273e+00 -1.136e+00 -9.270e-01
 -7.320e-01 -5.550e-01 -4.180e-01 -3.080e-01 -2.160e-01 -1.360e-01
 -6.000e-02  1.300e-02  7.200e-02  9.300e-02  9.800e-02  9.700e-02
  8.900e-02  6.900e-02  5.100e-02  3.800e-02  3.000e-02  2.500e-02
  2.100e-02  1.800e-02  1.600e-02  1.400e-02  1.200e-02  1.100e-02
  1.000e-02  9.000e-03  8.000e-03  8.000e-03  7.000e-03  7.000e-03
  6.000e-03  6.000e-03][ 1.100e+02 -1.301e+00 -1.313e+00 -1.316e+00 -1.317e+00 -1.317e+00
 -1.317e+00 -1.317e+00 -1.317e+00 -1.317e+00 -1.317e+00 -1.317e+00
 -1.317e+00 -1.317e+00 -1.317e+00 -1.316e+00 -1.316e+00 -1.316e+00
 -1.316e+00 -1.315e+00 -1.315e+00 -1.314e+00 -1.314e+00 -1.313e+00
 -1.312e+00 -1.311e+00 -1.305e+00 -1.272e+00 -1.134e+00 -9.250e-01
 -7.300e-01 -5.530e-01 -4.160e-01 -3.080e-01 -2.160e-01 -1.350e-01
 -5.900e-02  1.400e-02  7.200e-02  9.300e-02  9.700e-02  9.700e-02
  8.900e-02  6.900e-02  5.100e-02  3.800e-02  3.000e-02  2.500e-02
  2.100e-02  1.800e-02  1.600e-02  1.400e-02  1.200e-02  1.100e-02
  1.000e-02  9.000e-03  8.000e-03  8.000e-03  7.000e-03  7.000e-03
  6.000e-03  6.000e-03][ 1.150e+02 -1.298e+00 -1.309e+00 -1.313e+00 -1.314e+00 -1.314e+00
 -1.314e+00 -1.315e+00 -1.315e+00 -1.315e+00 -1.315e+00 -1.315e+00
 -1.315e+00 -1.315e+00 -1.315e+00 -1.314e+00 -1.314e+00 -1.314e+00
 -1.314e+00 -1.314e+00 -1.313e+00 -1.313e+00 -1.312e+00 -1.312e+00
 -1.311e+00 -1.310e+00 -1.304e+00 -1.272e+00 -1.137e+00 -9.270e-01
 -7.310e-01 -5.520e-01 -4.150e-01 -3.070e-01 -2.150e-01 -1.350e-01
 -5.800e-02  1.600e-02  7.400e-02  9.400e-02  9.800e-02  9.800e-02
  9.000e-02  7.000e-02  5.100e-02  3.800e-02  3.000e-02  2.500e-02
  2.100e-02  1.800e-02  1.600e-02  1.400e-02  1.200e-02  1.100e-02
  1.000e-02  9.000e-03  9.000e-03  8.000e-03  7.000e-03  7.000e-03
  6.000e-03  6.000e-03][ 1.200e+02 -1.286e+00 -1.298e+00 -1.302e+00 -1.303e+00 -1.304e+00
 -1.305e+00 -1.305e+00 -1.306e+00 -1.306e+00 -1.306e+00 -1.307e+00
 -1.307e+00 -1.308e+00 -1.308e+00 -1.308e+00 -1.309e+00 -1.309e+00
 -1.309e+00 -1.309e+00 -1.309e+00 -1.309e+00 -1.309e+00 -1.309e+00
 -1.308e+00 -1.308e+00 -1.302e+00 -1.272e+00 -1.140e+00 -9.310e-01
 -7.300e-01 -5.510e-01 -4.140e-01 -3.060e-01 -2.140e-01 -1.340e-01
 -5.800e-02  1.700e-02  7.600e-02  9.600e-02  1.000e-01  9.900e-02
  9.100e-02  7.000e-02  5.100e-02  3.800e-02  3.000e-02  2.500e-02
  2.100e-02  1.800e-02  1.600e-02  1.400e-02  1.200e-02  1.100e-02
  1.000e-02  9.000e-03  8.000e-03  8.000e-03  7.000e-03  7.000e-03
  6.000e-03  6.000e-03][ 1.250e+02 -1.292e+00 -1.305e+00 -1.307e+00 -1.309e+00 -1.309e+00
 -1.309e+00 -1.309e+00 -1.310e+00 -1.310e+00 -1.310e+00 -1.310e+00
 -1.310e+00 -1.310e+00 -1.311e+00 -1.311e+00 -1.311e+00 -1.311e+00
 -1.311e+00 -1.311e+00 -1.310e+00 -1.310e+00 -1.310e+00 -1.310e+00
 -1.309e+00 -1.308e+00 -1.303e+00 -1.270e+00 -1.136e+00 -9.270e-01
 -7.290e-01 -5.510e-01 -4.140e-01 -3.050e-01 -2.140e-01 -1.340e-01
 -5.800e-02  1.700e-02  7.600e-02  9.500e-02  9.900e-02  9.900e-02
  9.100e-02  7.000e-02  5.100e-02  3.800e-02  3.000e-02  2.500e-02
  2.100e-02  1.800e-02  1.600e-02  1.400e-02  1.200e-02  1.100e-02
  1.000e-02  9.000e-03  9.000e-03  8.000e-03  7.000e-03  7.000e-03
  6.000e-03  6.000e-03][ 1.300e+02 -1.299e+00 -1.310e+00 -1.313e+00 -1.314e+00 -1.314e+00
 -1.314e+00 -1.314e+00 -1.315e+00 -1.315e+00 -1.314e+00 -1.315e+00
 -1.315e+00 -1.315e+00 -1.315e+00 -1.314e+00 -1.314e+00 -1.314e+00
 -1.314e+00 -1.314e+00 -1.313e+00 -1.313e+00 -1.313e+00 -1.312e+00
 -1.312e+00 -1.311e+00 -1.305e+00 -1.270e+00 -1.130e+00 -9.240e-01
 -7.270e-01 -5.510e-01 -4.150e-01 -3.050e-01 -2.140e-01 -1.340e-01
 -5.800e-02  1.600e-02  7.300e-02  9.300e-02  9.700e-02  9.700e-02
  8.900e-02  7.000e-02  5.100e-02  3.800e-02  3.000e-02  2.500e-02
  2.100e-02  1.800e-02  1.600e-02  1.400e-02  1.200e-02  1.100e-02
  1.000e-02  9.000e-03  8.000e-03  8.000e-03  7.000e-03  7.000e-03
  6.000e-03  6.000e-03][ 1.350e+02 -1.292e+00 -1.303e+00 -1.306e+00 -1.307e+00 -1.308e+00
 -1.308e+00 -1.309e+00 -1.309e+00 -1.309e+00 -1.309e+00 -1.310e+00
 -1.310e+00 -1.310e+00 -1.311e+00 -1.311e+00 -1.311e+00 -1.311e+00
 -1.312e+00 -1.312e+00 -1.312e+00 -1.312e+00 -1.312e+00 -1.312e+00
 -1.312e+00 -1.311e+00 -1.305e+00 -1.271e+00 -1.132e+00 -9.260e-01
 -7.310e-01 -5.530e-01 -4.160e-01 -3.060e-01 -2.150e-01 -1.350e-01
 -5.900e-02  1.400e-02  7.300e-02  9.300e-02  9.700e-02  9.700e-02
  9.000e-02  7.000e-02  5.100e-02  3.800e-02  3.000e-02  2.500e-02
  2.100e-02  1.800e-02  1.600e-02  1.400e-02  1.200e-02  1.100e-02
  1.000e-02  9.000e-03  8.000e-03  8.000e-03  7.000e-03  7.000e-03
  6.000e-03  6.000e-03][ 1.400e+02 -1.293e+00 -1.305e+00 -1.307e+00 -1.308e+00 -1.308e+00
 -1.308e+00 -1.308e+00 -1.309e+00 -1.309e+00 -1.309e+00 -1.309e+00
 -1.309e+00 -1.309e+00 -1.309e+00 -1.309e+00 -1.309e+00 -1.309e+00
 -1.309e+00 -1.309e+00 -1.309e+00 -1.309e+00 -1.309e+00 -1.309e+00
 -1.309e+00 -1.308e+00 -1.302e+00 -1.270e+00 -1.139e+00 -9.320e-01
 -7.360e-01 -5.550e-01 -4.170e-01 -3.070e-01 -2.160e-01 -1.360e-01
 -6.000e-02  1.400e-02  7.300e-02  9.400e-02  9.800e-02  9.800e-02
  9.100e-02  7.100e-02  5.100e-02  3.800e-02  3.000e-02  2.500e-02
  2.100e-02  1.800e-02  1.600e-02  1.400e-02  1.200e-02  1.100e-02
  1.000e-02  9.000e-03  8.000e-03  8.000e-03  7.000e-03  7.000e-03
  6.000e-03  6.000e-03][ 1.450e+02 -1.295e+00 -1.308e+00 -1.310e+00 -1.310e+00 -1.310e+00
 -1.310e+00 -1.310e+00 -1.310e+00 -1.310e+00 -1.310e+00 -1.309e+00
 -1.309e+00 -1.309e+00 -1.308e+00 -1.308e+00 -1.308e+00 -1.307e+00
 -1.307e+00 -1.307e+00 -1.306e+00 -1.306e+00 -1.305e+00 -1.305e+00
 -1.304e+00 -1.303e+00 -1.297e+00 -1.266e+00 -1.142e+00 -9.360e-01
 -7.360e-01 -5.570e-01 -4.180e-01 -3.070e-01 -2.160e-01 -1.360e-01
 -6.100e-02  1.200e-02  7.200e-02  9.400e-02  9.800e-02  9.700e-02
  9.000e-02  7.000e-02  5.100e-02  3.800e-02  3.000e-02  2.500e-02
  2.100e-02  1.800e-02  1.600e-02  1.400e-02  1.200e-02  1.100e-02
  1.000e-02  9.000e-03  8.000e-03  8.000e-03  7.000e-03  7.000e-03
  6.000e-03  6.000e-03][ 1.500e+02 -1.296e+00 -1.308e+00 -1.311e+00 -1.312e+00 -1.312e+00
 -1.313e+00 -1.313e+00 -1.313e+00 -1.314e+00 -1.314e+00 -1.314e+00
 -1.314e+00 -1.315e+00 -1.315e+00 -1.315e+00 -1.315e+00 -1.315e+00
 -1.315e+00 -1.315e+00 -1.314e+00 -1.314e+00 -1.314e+00 -1.314e+00
 -1.313e+00 -1.312e+00 -1.306e+00 -1.275e+00 -1.142e+00 -9.330e-01
 -7.330e-01 -5.560e-01 -4.180e-01 -3.070e-01 -2.160e-01 -1.370e-01
 -6.100e-02  1.200e-02  7.300e-02  9.400e-02  9.800e-02  9.700e-02
  9.100e-02  7.000e-02  5.100e-02  3.800e-02  3.000e-02  2.500e-02
  2.100e-02  1.800e-02  1.600e-02  1.400e-02  1.200e-02  1.100e-02
  1.000e-02  9.000e-03  8.000e-03  8.000e-03  7.000e-03  7.000e-03
  6.000e-03  6.000e-03][ 1.550e+02 -1.296e+00 -1.307e+00 -1.310e+00 -1.311e+00 -1.312e+00
 -1.313e+00 -1.313e+00 -1.314e+00 -1.314e+00 -1.315e+00 -1.315e+00
 -1.316e+00 -1.316e+00 -1.316e+00 -1.317e+00 -1.317e+00 -1.317e+00
 -1.317e+00 -1.317e+00 -1.318e+00 -1.318e+00 -1.317e+00 -1.318e+00
 -1.317e+00 -1.316e+00 -1.312e+00 -1.281e+00 -1.142e+00 -9.300e-01
 -7.310e-01 -5.550e-01 -4.170e-01 -3.060e-01 -2.160e-01 -1.360e-01
 -6.000e-02  1.300e-02  7.400e-02  9.500e-02  9.800e-02  9.800e-02
  9.100e-02  7.000e-02  5.000e-02  3.800e-02  3.000e-02  2.500e-02
  2.100e-02  1.800e-02  1.600e-02  1.400e-02  1.200e-02  1.100e-02
  1.000e-02  9.000e-03  8.000e-03  8.000e-03  7.000e-03  7.000e-03
  6.000e-03  6.000e-03][ 1.600e+02 -1.295e+00 -1.306e+00 -1.308e+00 -1.309e+00 -1.310e+00
 -1.310e+00 -1.310e+00 -1.311e+00 -1.311e+00 -1.311e+00 -1.311e+00
 -1.312e+00 -1.312e+00 -1.312e+00 -1.312e+00 -1.312e+00 -1.312e+00
 -1.312e+00 -1.313e+00 -1.312e+00 -1.312e+00 -1.312e+00 -1.312e+00
 -1.312e+00 -1.311e+00 -1.306e+00 -1.275e+00 -1.137e+00 -9.270e-01
 -7.270e-01 -5.520e-01 -4.160e-01 -3.050e-01 -2.150e-01 -1.350e-01
 -6.000e-02  1.400e-02  7.400e-02  9.400e-02  9.800e-02  9.700e-02
  9.100e-02  7.000e-02  5.100e-02  3.800e-02  3.000e-02  2.500e-02
  2.100e-02  1.800e-02  1.600e-02  1.400e-02  1.200e-02  1.100e-02
  1.000e-02  9.000e-03  8.000e-03  8.000e-03  7.000e-03  7.000e-03
  6.000e-03  6.000e-03][ 1.650e+02 -1.293e+00 -1.303e+00 -1.305e+00 -1.306e+00 -1.307e+00
 -1.307e+00 -1.307e+00 -1.307e+00 -1.308e+00 -1.308e+00 -1.308e+00
 -1.308e+00 -1.308e+00 -1.309e+00 -1.309e+00 -1.309e+00 -1.309e+00
 -1.309e+00 -1.309e+00 -1.308e+00 -1.308e+00 -1.308e+00 -1.308e+00
 -1.307e+00 -1.306e+00 -1.301e+00 -1.271e+00 -1.136e+00 -9.260e-01
 -7.260e-01 -5.500e-01 -4.140e-01 -3.040e-01 -2.150e-01 -1.360e-01
 -5.900e-02  1.400e-02  7.500e-02  9.500e-02  9.800e-02  9.700e-02
  9.100e-02  7.000e-02  5.100e-02  3.800e-02  3.000e-02  2.500e-02
  2.100e-02  1.800e-02  1.600e-02  1.400e-02  1.200e-02  1.100e-02
  1.000e-02  9.000e-03  8.000e-03  8.000e-03  7.000e-03  7.000e-03
  6.000e-03  6.000e-03][ 1.700e+02 -1.292e+00 -1.301e+00 -1.304e+00 -1.304e+00 -1.305e+00
 -1.305e+00 -1.306e+00 -1.306e+00 -1.306e+00 -1.306e+00 -1.307e+00
 -1.307e+00 -1.307e+00 -1.307e+00 -1.307e+00 -1.307e+00 -1.307e+00
 -1.307e+00 -1.307e+00 -1.307e+00 -1.306e+00 -1.306e+00 -1.306e+00
 -1.305e+00 -1.304e+00 -1.299e+00 -1.269e+00 -1.136e+00 -9.250e-01
 -7.250e-01 -5.480e-01 -4.130e-01 -3.040e-01 -2.140e-01 -1.350e-01
 -5.900e-02  1.500e-02  7.600e-02  9.600e-02  9.900e-02  9.800e-02
  9.100e-02  7.000e-02  5.100e-02  3.800e-02  3.000e-02  2.500e-02
  2.100e-02  1.800e-02  1.600e-02  1.400e-02  1.200e-02  1.100e-02
  1.000e-02  9.000e-03  8.000e-03  8.000e-03  7.000e-03  7.000e-03
  6.000e-03  6.000e-03][ 1.750e+02 -1.298e+00 -1.308e+00 -1.310e+00 -1.310e+00 -1.311e+00
 -1.311e+00 -1.312e+00 -1.312e+00 -1.312e+00 -1.313e+00 -1.313e+00
 -1.313e+00 -1.313e+00 -1.313e+00 -1.313e+00 -1.314e+00 -1.314e+00
 -1.314e+00 -1.314e+00 -1.314e+00 -1.314e+00 -1.314e+00 -1.314e+00
 -1.313e+00 -1.312e+00 -1.307e+00 -1.277e+00 -1.139e+00 -9.250e-01
 -7.240e-01 -5.480e-01 -4.120e-01 -3.030e-01 -2.130e-01 -1.340e-01
 -5.900e-02  1.600e-02  7.800e-02  9.700e-02  1.000e-01  9.900e-02
  9.200e-02  7.100e-02  5.100e-02  3.800e-02  3.000e-02  2.500e-02
  2.100e-02  1.800e-02  1.600e-02  1.400e-02  1.200e-02  1.100e-02
  1.000e-02  9.000e-03  8.000e-03  8.000e-03  7.000e-03  7.000e-03
  6.000e-03  6.000e-03][ 1.800e+02 -1.302e+00 -1.312e+00 -1.314e+00 -1.315e+00 -1.315e+00
 -1.316e+00 -1.316e+00 -1.316e+00 -1.316e+00 -1.317e+00 -1.317e+00
 -1.317e+00 -1.317e+00 -1.317e+00 -1.317e+00 -1.318e+00 -1.318e+00
 -1.318e+00 -1.318e+00 -1.318e+00 -1.318e+00 -1.318e+00 -1.318e+00
 -1.317e+00 -1.316e+00 -1.312e+00 -1.283e+00 -1.141e+00 -9.230e-01
 -7.210e-01 -5.470e-01 -4.110e-01 -3.030e-01 -2.130e-01 -1.340e-01
 -5.900e-02  1.600e-02  7.900e-02  9.700e-02  1.000e-01  9.900e-02
  9.200e-02  7.100e-02  5.100e-02  3.800e-02  3.000e-02  2.500e-02
  2.100e-02  1.800e-02  1.600e-02  1.400e-02  1.200e-02  1.100e-02
  1.000e-02  9.000e-03  8.000e-03  8.000e-03  7.000e-03  7.000e-03
  6.000e-03  6.000e-03][ 1.850e+02 -1.301e+00 -1.311e+00 -1.314e+00 -1.314e+00 -1.314e+00
 -1.315e+00 -1.315e+00 -1.315e+00 -1.315e+00 -1.315e+00 -1.316e+00
 -1.316e+00 -1.316e+00 -1.316e+00 -1.316e+00 -1.316e+00 -1.316e+00
 -1.316e+00 -1.315e+00 -1.315e+00 -1.315e+00 -1.315e+00 -1.314e+00
 -1.314e+00 -1.312e+00 -1.308e+00 -1.280e+00 -1.140e+00 -9.230e-01
 -7.210e-01 -5.470e-01 -4.110e-01 -3.030e-01 -2.130e-01 -1.340e-01
 -5.900e-02  1.600e-02  7.800e-02  9.600e-02  9.900e-02  9.800e-02
  9.100e-02  7.000e-02  5.000e-02  3.800e-02  3.000e-02  2.500e-02
  2.100e-02  1.800e-02  1.600e-02  1.400e-02  1.200e-02  1.100e-02
  1.000e-02  9.000e-03  8.000e-03  8.000e-03  7.000e-03  7.000e-03
  6.000e-03  6.000e-03][ 1.900e+02 -1.298e+00 -1.308e+00 -1.311e+00 -1.311e+00 -1.312e+00
 -1.312e+00 -1.312e+00 -1.312e+00 -1.313e+00 -1.313e+00 -1.313e+00
 -1.313e+00 -1.313e+00 -1.313e+00 -1.313e+00 -1.313e+00 -1.313e+00
 -1.313e+00 -1.313e+00 -1.313e+00 -1.313e+00 -1.312e+00 -1.312e+00
 -1.311e+00 -1.310e+00 -1.306e+00 -1.281e+00 -1.142e+00 -9.210e-01
 -7.200e-01 -5.470e-01 -4.120e-01 -3.030e-01 -2.130e-01 -1.340e-01
 -5.900e-02  1.600e-02  7.800e-02  9.600e-02  9.900e-02  9.800e-02
  9.100e-02  7.000e-02  5.000e-02  3.800e-02  3.000e-02  2.500e-02
  2.100e-02  1.800e-02  1.600e-02  1.400e-02  1.200e-02  1.100e-02
  1.000e-02  9.000e-03  8.000e-03  8.000e-03  7.000e-03  7.000e-03
  6.000e-03  6.000e-03][ 1.950e+02 -1.294e+00 -1.305e+00 -1.307e+00 -1.308e+00 -1.308e+00
 -1.309e+00 -1.309e+00 -1.309e+00 -1.309e+00 -1.310e+00 -1.310e+00
 -1.310e+00 -1.310e+00 -1.310e+00 -1.310e+00 -1.310e+00 -1.310e+00
 -1.310e+00 -1.310e+00 -1.310e+00 -1.310e+00 -1.309e+00 -1.309e+00
 -1.309e+00 -1.307e+00 -1.303e+00 -1.278e+00 -1.144e+00 -9.270e-01
 -7.220e-01 -5.490e-01 -4.120e-01 -3.030e-01 -2.140e-01 -1.350e-01
 -5.900e-02  1.600e-02  7.800e-02  9.700e-02  9.900e-02  9.900e-02
  9.200e-02  7.000e-02  5.000e-02  3.800e-02  3.000e-02  2.500e-02
  2.100e-02  1.800e-02  1.600e-02  1.400e-02  1.200e-02  1.100e-02
  1.000e-02  9.000e-03  8.000e-03  8.000e-03  7.000e-03  7.000e-03
  6.000e-03  6.000e-03][ 2.000e+02 -1.295e+00 -1.306e+00 -1.308e+00 -1.308e+00 -1.308e+00
 -1.309e+00 -1.309e+00 -1.309e+00 -1.309e+00 -1.309e+00 -1.310e+00
 -1.310e+00 -1.310e+00 -1.310e+00 -1.309e+00 -1.309e+00 -1.309e+00
 -1.309e+00 -1.309e+00 -1.309e+00 -1.308e+00 -1.308e+00 -1.307e+00
 -1.306e+00 -1.305e+00 -1.300e+00 -1.276e+00 -1.148e+00 -9.310e-01
 -7.270e-01 -5.520e-01 -4.150e-01 -3.050e-01 -2.150e-01 -1.350e-01
 -6.000e-02  1.500e-02  7.800e-02  9.600e-02  9.900e-02  9.800e-02
  9.100e-02  7.000e-02  5.000e-02  3.800e-02  3.000e-02  2.500e-02
  2.100e-02  1.800e-02  1.600e-02  1.400e-02  1.200e-02  1.100e-02
  1.000e-02  9.000e-03  8.000e-03  8.000e-03  7.000e-03  7.000e-03
  6.000e-03  6.000e-03][ 2.050e+02 -1.296e+00 -1.306e+00 -1.308e+00 -1.308e+00 -1.309e+00
 -1.309e+00 -1.309e+00 -1.309e+00 -1.309e+00 -1.310e+00 -1.310e+00
 -1.310e+00 -1.310e+00 -1.310e+00 -1.310e+00 -1.310e+00 -1.310e+00
 -1.310e+00 -1.309e+00 -1.309e+00 -1.309e+00 -1.309e+00 -1.308e+00
 -1.307e+00 -1.306e+00 -1.302e+00 -1.277e+00 -1.152e+00 -9.360e-01
 -7.310e-01 -5.560e-01 -4.170e-01 -3.060e-01 -2.150e-01 -1.370e-01
 -6.100e-02  1.300e-02  7.700e-02  9.600e-02  9.900e-02  9.800e-02
  9.100e-02  7.000e-02  5.000e-02  3.800e-02  3.000e-02  2.500e-02
  2.100e-02  1.800e-02  1.500e-02  1.400e-02  1.200e-02  1.100e-02
  1.000e-02  9.000e-03  8.000e-03  8.000e-03  7.000e-03  7.000e-03
  6.000e-03  6.000e-03][ 2.100e+02 -1.296e+00 -1.305e+00 -1.307e+00 -1.307e+00 -1.308e+00
 -1.308e+00 -1.308e+00 -1.308e+00 -1.309e+00 -1.309e+00 -1.309e+00
 -1.309e+00 -1.310e+00 -1.310e+00 -1.310e+00 -1.310e+00 -1.310e+00
 -1.310e+00 -1.310e+00 -1.310e+00 -1.310e+00 -1.310e+00 -1.310e+00
 -1.310e+00 -1.309e+00 -1.305e+00 -1.281e+00 -1.154e+00 -9.380e-01
 -7.330e-01 -5.570e-01 -4.180e-01 -3.070e-01 -2.160e-01 -1.370e-01
 -6.300e-02  1.100e-02  7.600e-02  9.600e-02  9.900e-02  9.800e-02
  9.200e-02  7.000e-02  5.000e-02  3.800e-02  3.000e-02  2.500e-02
  2.100e-02  1.800e-02  1.500e-02  1.400e-02  1.200e-02  1.100e-02
  1.000e-02  9.000e-03  8.000e-03  8.000e-03  7.000e-03  7.000e-03
  6.000e-03  6.000e-03][ 2.150e+02 -1.297e+00 -1.307e+00 -1.308e+00 -1.308e+00 -1.308e+00
 -1.308e+00 -1.308e+00 -1.308e+00 -1.308e+00 -1.308e+00 -1.308e+00
 -1.308e+00 -1.308e+00 -1.309e+00 -1.309e+00 -1.309e+00 -1.309e+00
 -1.309e+00 -1.309e+00 -1.309e+00 -1.309e+00 -1.309e+00 -1.309e+00
 -1.309e+00 -1.309e+00 -1.306e+00 -1.280e+00 -1.148e+00 -9.340e-01
 -7.310e-01 -5.570e-01 -4.180e-01 -3.080e-01 -2.170e-01 -1.380e-01
 -6.400e-02  9.000e-03  7.300e-02  9.500e-02  9.800e-02  9.800e-02
  9.100e-02  7.000e-02  5.000e-02  3.800e-02  3.000e-02  2.500e-02
  2.100e-02  1.800e-02  1.500e-02  1.400e-02  1.200e-02  1.100e-02
  1.000e-02  9.000e-03  8.000e-03  8.000e-03  7.000e-03  7.000e-03
  6.000e-03  6.000e-03][ 2.200e+02 -1.296e+00 -1.305e+00 -1.306e+00 -1.306e+00 -1.306e+00
 -1.306e+00 -1.306e+00 -1.306e+00 -1.306e+00 -1.307e+00 -1.307e+00
 -1.307e+00 -1.307e+00 -1.307e+00 -1.307e+00 -1.307e+00 -1.307e+00
 -1.307e+00 -1.308e+00 -1.308e+00 -1.308e+00 -1.308e+00 -1.308e+00
 -1.308e+00 -1.308e+00 -1.305e+00 -1.277e+00 -1.139e+00 -9.260e-01
 -7.270e-01 -5.560e-01 -4.170e-01 -3.070e-01 -2.170e-01 -1.390e-01
 -6.400e-02  8.000e-03  7.100e-02  9.400e-02  9.700e-02  9.700e-02
  9.100e-02  7.100e-02  5.000e-02  3.800e-02  3.000e-02  2.500e-02
  2.100e-02  1.800e-02  1.500e-02  1.400e-02  1.200e-02  1.100e-02
  1.000e-02  9.000e-03  8.000e-03  8.000e-03  7.000e-03  7.000e-03
  6.000e-03  6.000e-03][ 2.250e+02 -1.291e+00 -1.302e+00 -1.304e+00 -1.304e+00 -1.304e+00
 -1.304e+00 -1.305e+00 -1.305e+00 -1.305e+00 -1.305e+00 -1.306e+00
 -1.306e+00 -1.306e+00 -1.307e+00 -1.307e+00 -1.307e+00 -1.308e+00
 -1.308e+00 -1.308e+00 -1.308e+00 -1.309e+00 -1.309e+00 -1.309e+00
 -1.309e+00 -1.309e+00 -1.307e+00 -1.275e+00 -1.128e+00 -9.180e-01
 -7.220e-01 -5.530e-01 -4.160e-01 -3.060e-01 -2.170e-01 -1.380e-01
 -6.400e-02  8.000e-03  6.900e-02  9.200e-02  9.600e-02  9.500e-02
  8.900e-02  7.000e-02  5.000e-02  3.800e-02  3.000e-02  2.500e-02
  2.100e-02  1.800e-02  1.500e-02  1.400e-02  1.200e-02  1.100e-02
  1.000e-02  9.000e-03  8.000e-03  8.000e-03  7.000e-03  7.000e-03
  6.000e-03  6.000e-03][ 2.300e+02 -1.290e+00 -1.300e+00 -1.302e+00 -1.303e+00 -1.303e+00
 -1.303e+00 -1.304e+00 -1.304e+00 -1.304e+00 -1.304e+00 -1.305e+00
 -1.305e+00 -1.305e+00 -1.306e+00 -1.306e+00 -1.306e+00 -1.307e+00
 -1.307e+00 -1.307e+00 -1.307e+00 -1.308e+00 -1.308e+00 -1.308e+00
 -1.308e+00 -1.308e+00 -1.305e+00 -1.276e+00 -1.130e+00 -9.160e-01
 -7.190e-01 -5.500e-01 -4.140e-01 -3.050e-01 -2.160e-01 -1.370e-01
 -6.300e-02  9.000e-03  7.100e-02  9.300e-02  9.600e-02  9.600e-02
  9.000e-02  7.000e-02  5.000e-02  3.800e-02  3.000e-02  2.500e-02
  2.100e-02  1.800e-02  1.500e-02  1.400e-02  1.200e-02  1.100e-02
  1.000e-02  9.000e-03  8.000e-03  8.000e-03  7.000e-03  7.000e-03
  6.000e-03  6.000e-03][ 2.350e+02 -1.289e+00 -1.299e+00 -1.301e+00 -1.302e+00 -1.302e+00
 -1.302e+00 -1.303e+00 -1.303e+00 -1.303e+00 -1.303e+00 -1.303e+00
 -1.303e+00 -1.303e+00 -1.304e+00 -1.304e+00 -1.304e+00 -1.304e+00
 -1.304e+00 -1.305e+00 -1.305e+00 -1.305e+00 -1.305e+00 -1.305e+00
 -1.305e+00 -1.305e+00 -1.301e+00 -1.275e+00 -1.134e+00 -9.180e-01
 -7.180e-01 -5.480e-01 -4.130e-01 -3.040e-01 -2.150e-01 -1.370e-01
 -6.300e-02  1.000e-02  7.300e-02  9.400e-02  9.800e-02  9.700e-02
  9.100e-02  7.000e-02  5.000e-02  3.800e-02  3.000e-02  2.500e-02
  2.100e-02  1.800e-02  1.500e-02  1.400e-02  1.200e-02  1.100e-02
  1.000e-02  9.000e-03  8.000e-03  8.000e-03  7.000e-03  7.000e-03
  6.000e-03  6.000e-03][ 2.400e+02 -1.292e+00 -1.302e+00 -1.304e+00 -1.305e+00 -1.305e+00
 -1.305e+00 -1.305e+00 -1.305e+00 -1.305e+00 -1.305e+00 -1.306e+00
 -1.306e+00 -1.306e+00 -1.306e+00 -1.306e+00 -1.306e+00 -1.306e+00
 -1.306e+00 -1.307e+00 -1.307e+00 -1.307e+00 -1.307e+00 -1.307e+00
 -1.307e+00 -1.306e+00 -1.303e+00 -1.274e+00 -1.129e+00 -9.140e-01
 -7.150e-01 -5.450e-01 -4.100e-01 -3.020e-01 -2.140e-01 -1.360e-01
 -6.200e-02  1.100e-02  7.200e-02  9.300e-02  9.700e-02  9.600e-02
  9.000e-02  7.000e-02  5.000e-02  3.800e-02  3.000e-02  2.500e-02
  2.100e-02  1.800e-02  1.500e-02  1.400e-02  1.200e-02  1.100e-02
  1.000e-02  9.000e-03  8.000e-03  8.000e-03  7.000e-03  7.000e-03
  6.000e-03  6.000e-03][ 2.450e+02 -1.290e+00 -1.302e+00 -1.304e+00 -1.305e+00 -1.305e+00
 -1.305e+00 -1.305e+00 -1.306e+00 -1.306e+00 -1.306e+00 -1.306e+00
 -1.306e+00 -1.306e+00 -1.307e+00 -1.307e+00 -1.307e+00 -1.307e+00
 -1.307e+00 -1.308e+00 -1.308e+00 -1.308e+00 -1.308e+00 -1.308e+00
 -1.308e+00 -1.308e+00 -1.304e+00 -1.275e+00 -1.129e+00 -9.120e-01
 -7.130e-01 -5.440e-01 -4.090e-01 -3.020e-01 -2.130e-01 -1.350e-01
 -6.200e-02  1.100e-02  7.200e-02  9.300e-02  9.600e-02  9.600e-02
  8.900e-02  7.000e-02  5.000e-02  3.800e-02  3.000e-02  2.400e-02
  2.100e-02  1.800e-02  1.500e-02  1.400e-02  1.200e-02  1.100e-02
  1.000e-02  9.000e-03  8.000e-03  8.000e-03  7.000e-03  7.000e-03
  6.000e-03  6.000e-03][ 2.500e+02 -1.286e+00 -1.298e+00 -1.301e+00 -1.302e+00 -1.302e+00
 -1.302e+00 -1.303e+00 -1.303e+00 -1.303e+00 -1.304e+00 -1.304e+00
 -1.304e+00 -1.304e+00 -1.305e+00 -1.305e+00 -1.305e+00 -1.306e+00
 -1.306e+00 -1.306e+00 -1.306e+00 -1.307e+00 -1.307e+00 -1.307e+00
 -1.307e+00 -1.307e+00 -1.303e+00 -1.274e+00 -1.131e+00 -9.140e-01
 -7.120e-01 -5.430e-01 -4.080e-01 -3.000e-01 -2.120e-01 -1.350e-01
 -6.100e-02  1.200e-02  7.200e-02  9.300e-02  9.600e-02  9.600e-02
  8.900e-02  7.000e-02  5.000e-02  3.800e-02  3.000e-02  2.400e-02
  2.100e-02  1.800e-02  1.500e-02  1.400e-02  1.200e-02  1.100e-02
  1.000e-02  9.000e-03  8.000e-03  8.000e-03  7.000e-03  7.000e-03
  6.000e-03  6.000e-03][ 2.550e+02 -1.287e+00 -1.298e+00 -1.300e+00 -1.301e+00 -1.301e+00
 -1.301e+00 -1.301e+00 -1.301e+00 -1.301e+00 -1.301e+00 -1.301e+00
 -1.301e+00 -1.302e+00 -1.302e+00 -1.302e+00 -1.302e+00 -1.302e+00
 -1.302e+00 -1.302e+00 -1.302e+00 -1.302e+00 -1.302e+00 -1.302e+00
 -1.302e+00 -1.301e+00 -1.296e+00 -1.267e+00 -1.128e+00 -9.110e-01
 -7.110e-01 -5.440e-01 -4.070e-01 -3.000e-01 -2.120e-01 -1.340e-01
 -6.000e-02  1.200e-02  7.300e-02  9.300e-02  9.700e-02  9.600e-02
  8.900e-02  6.900e-02  5.000e-02  3.800e-02  3.000e-02  2.500e-02
  2.100e-02  1.800e-02  1.500e-02  1.400e-02  1.200e-02  1.100e-02
  1.000e-02  9.000e-03  8.000e-03  8.000e-03  7.000e-03  7.000e-03
  6.000e-03  6.000e-03][ 2.600e+02 -1.288e+00 -1.297e+00 -1.299e+00 -1.299e+00 -1.299e+00
 -1.299e+00 -1.299e+00 -1.299e+00 -1.299e+00 -1.299e+00 -1.299e+00
 -1.299e+00 -1.299e+00 -1.299e+00 -1.298e+00 -1.298e+00 -1.298e+00
 -1.298e+00 -1.298e+00 -1.298e+00 -1.297e+00 -1.297e+00 -1.297e+00
 -1.296e+00 -1.295e+00 -1.290e+00 -1.261e+00 -1.122e+00 -9.080e-01
 -7.090e-01 -5.420e-01 -4.060e-01 -2.990e-01 -2.110e-01 -1.340e-01
 -6.000e-02  1.400e-02  7.400e-02  9.400e-02  9.700e-02  9.600e-02
  8.900e-02  6.900e-02  5.000e-02  3.800e-02  3.000e-02  2.400e-02
  2.100e-02  1.800e-02  1.500e-02  1.400e-02  1.200e-02  1.100e-02
  1.000e-02  9.000e-03  8.000e-03  8.000e-03  7.000e-03  7.000e-03
  6.000e-03  6.000e-03][ 2.650e+02 -1.287e+00 -1.296e+00 -1.298e+00 -1.298e+00 -1.298e+00
 -1.298e+00 -1.298e+00 -1.299e+00 -1.299e+00 -1.299e+00 -1.299e+00
 -1.299e+00 -1.299e+00 -1.299e+00 -1.299e+00 -1.299e+00 -1.299e+00
 -1.299e+00 -1.299e+00 -1.299e+00 -1.299e+00 -1.299e+00 -1.299e+00
 -1.298e+00 -1.298e+00 -1.293e+00 -1.262e+00 -1.117e+00 -9.050e-01
 -7.070e-01 -5.410e-01 -4.050e-01 -2.990e-01 -2.110e-01 -1.330e-01
 -6.000e-02  1.300e-02  7.200e-02  9.300e-02  9.600e-02  9.600e-02
  8.900e-02  6.900e-02  5.000e-02  3.800e-02  3.000e-02  2.400e-02
  2.000e-02  1.800e-02  1.500e-02  1.400e-02  1.200e-02  1.100e-02
  1.000e-02  9.000e-03  8.000e-03  8.000e-03  7.000e-03  7.000e-03
  6.000e-03  6.000e-03][ 2.700e+02 -1.285e+00 -1.294e+00 -1.296e+00 -1.296e+00 -1.296e+00
 -1.296e+00 -1.297e+00 -1.297e+00 -1.297e+00 -1.297e+00 -1.297e+00
 -1.297e+00 -1.298e+00 -1.298e+00 -1.298e+00 -1.298e+00 -1.298e+00
 -1.298e+00 -1.299e+00 -1.299e+00 -1.299e+00 -1.299e+00 -1.299e+00
 -1.299e+00 -1.298e+00 -1.294e+00 -1.263e+00 -1.119e+00 -9.040e-01
 -7.080e-01 -5.410e-01 -4.060e-01 -2.980e-01 -2.110e-01 -1.330e-01
 -5.900e-02  1.300e-02  7.300e-02  9.300e-02  9.600e-02  9.600e-02
  8.900e-02  6.900e-02  5.000e-02  3.700e-02  3.000e-02  2.400e-02
  2.000e-02  1.800e-02  1.500e-02  1.400e-02  1.200e-02  1.100e-02
  1.000e-02  9.000e-03  8.000e-03  8.000e-03  7.000e-03  7.000e-03
  6.000e-03  6.000e-03][ 2.750e+02 -1.286e+00 -1.294e+00 -1.296e+00 -1.296e+00 -1.297e+00
 -1.297e+00 -1.297e+00 -1.297e+00 -1.297e+00 -1.297e+00 -1.297e+00
 -1.298e+00 -1.298e+00 -1.298e+00 -1.298e+00 -1.298e+00 -1.298e+00
 -1.299e+00 -1.299e+00 -1.299e+00 -1.299e+00 -1.299e+00 -1.299e+00
 -1.299e+00 -1.298e+00 -1.294e+00 -1.261e+00 -1.121e+00 -9.080e-01
 -7.080e-01 -5.410e-01 -4.050e-01 -2.980e-01 -2.100e-01 -1.320e-01
 -5.800e-02  1.400e-02  7.300e-02  9.300e-02  9.600e-02  9.500e-02
  8.900e-02  6.900e-02  4.900e-02  3.700e-02  3.000e-02  2.400e-02
  2.000e-02  1.700e-02  1.500e-02  1.400e-02  1.200e-02  1.100e-02
  1.000e-02  9.000e-03  8.000e-03  8.000e-03  7.000e-03  7.000e-03
  6.000e-03  6.000e-03][ 2.800e+02 -1.288e+00 -1.296e+00 -1.298e+00 -1.298e+00 -1.298e+00
 -1.298e+00 -1.298e+00 -1.298e+00 -1.298e+00 -1.298e+00 -1.298e+00
 -1.298e+00 -1.298e+00 -1.299e+00 -1.299e+00 -1.299e+00 -1.299e+00
 -1.299e+00 -1.299e+00 -1.299e+00 -1.299e+00 -1.299e+00 -1.299e+00
 -1.299e+00 -1.298e+00 -1.292e+00 -1.258e+00 -1.118e+00 -9.080e-01
 -7.090e-01 -5.420e-01 -4.060e-01 -2.980e-01 -2.100e-01 -1.320e-01
 -5.800e-02  1.400e-02  7.300e-02  9.300e-02  9.600e-02  9.500e-02
  8.900e-02  6.800e-02  4.900e-02  3.700e-02  2.900e-02  2.400e-02
  2.000e-02  1.700e-02  1.500e-02  1.300e-02  1.200e-02  1.100e-02
  1.000e-02  9.000e-03  8.000e-03  8.000e-03  7.000e-03  7.000e-03
  6.000e-03  6.000e-03][ 2.850e+02 -1.288e+00 -1.297e+00 -1.299e+00 -1.299e+00 -1.299e+00
 -1.299e+00 -1.299e+00 -1.299e+00 -1.299e+00 -1.299e+00 -1.299e+00
 -1.299e+00 -1.300e+00 -1.300e+00 -1.300e+00 -1.300e+00 -1.300e+00
 -1.300e+00 -1.300e+00 -1.300e+00 -1.300e+00 -1.300e+00 -1.299e+00
 -1.299e+00 -1.298e+00 -1.292e+00 -1.258e+00 -1.118e+00 -9.080e-01
 -7.100e-01 -5.420e-01 -4.060e-01 -2.980e-01 -2.100e-01 -1.320e-01
 -5.700e-02  1.500e-02  7.400e-02  9.300e-02  9.600e-02  9.600e-02
  8.900e-02  6.800e-02  4.900e-02  3.700e-02  2.900e-02  2.400e-02
  2.000e-02  1.700e-02  1.500e-02  1.300e-02  1.200e-02  1.100e-02
  1.000e-02  9.000e-03  8.000e-03  8.000e-03  7.000e-03  7.000e-03
  6.000e-03  6.000e-03][ 2.900e+02 -1.284e+00 -1.293e+00 -1.295e+00 -1.295e+00 -1.295e+00
 -1.296e+00 -1.296e+00 -1.296e+00 -1.296e+00 -1.296e+00 -1.297e+00
 -1.297e+00 -1.297e+00 -1.297e+00 -1.297e+00 -1.297e+00 -1.297e+00
 -1.298e+00 -1.298e+00 -1.298e+00 -1.298e+00 -1.298e+00 -1.298e+00
 -1.297e+00 -1.296e+00 -1.290e+00 -1.255e+00 -1.115e+00 -9.060e-01
 -7.080e-01 -5.410e-01 -4.050e-01 -2.970e-01 -2.080e-01 -1.300e-01
 -5.600e-02  1.600e-02  7.400e-02  9.300e-02  9.600e-02  9.600e-02
  8.900e-02  6.800e-02  4.900e-02  3.700e-02  2.900e-02  2.400e-02
  2.000e-02  1.700e-02  1.500e-02  1.300e-02  1.200e-02  1.100e-02
  1.000e-02  9.000e-03  8.000e-03  8.000e-03  7.000e-03  7.000e-03
  6.000e-03  6.000e-03][ 2.950e+02 -1.282e+00 -1.292e+00 -1.294e+00 -1.295e+00 -1.295e+00
 -1.295e+00 -1.296e+00 -1.296e+00 -1.296e+00 -1.297e+00 -1.297e+00
 -1.297e+00 -1.297e+00 -1.297e+00 -1.297e+00 -1.297e+00 -1.297e+00
 -1.297e+00 -1.297e+00 -1.297e+00 -1.297e+00 -1.297e+00 -1.297e+00
 -1.297e+00 -1.295e+00 -1.289e+00 -1.254e+00 -1.110e+00 -9.030e-01
 -7.060e-01 -5.390e-01 -4.040e-01 -2.960e-01 -2.080e-01 -1.300e-01
 -5.500e-02  1.700e-02  7.400e-02  9.300e-02  9.600e-02  9.500e-02
  8.800e-02  6.700e-02  4.800e-02  3.700e-02  2.900e-02  2.400e-02
  2.000e-02  1.700e-02  1.500e-02  1.300e-02  1.200e-02  1.100e-02
  1.000e-02  9.000e-03  8.000e-03  8.000e-03  7.000e-03  7.000e-03
  6.000e-03  6.000e-03][ 3.000e+02 -1.282e+00 -1.291e+00 -1.294e+00 -1.294e+00 -1.295e+00
 -1.295e+00 -1.295e+00 -1.295e+00 -1.296e+00 -1.296e+00 -1.296e+00
 -1.296e+00 -1.296e+00 -1.296e+00 -1.296e+00 -1.296e+00 -1.296e+00
 -1.296e+00 -1.296e+00 -1.296e+00 -1.296e+00 -1.296e+00 -1.296e+00
 -1.295e+00 -1.294e+00 -1.288e+00 -1.252e+00 -1.109e+00 -8.990e-01
 -7.030e-01 -5.370e-01 -4.020e-01 -2.950e-01 -2.070e-01 -1.290e-01
 -5.300e-02  1.900e-02  7.500e-02  9.300e-02  9.600e-02  9.600e-02
  8.850e-02  6.700e-02  4.800e-02  3.600e-02  2.900e-02  2.400e-02
  2.000e-02  1.700e-02  1.500e-02  1.300e-02  1.200e-02  1.100e-02
  1.000e-02  9.000e-03  8.000e-03  8.000e-03  7.000e-03  7.000e-03
  6.000e-03  6.000e-03][ 3.050e+02 -1.282e+00 -1.291e+00 -1.293e+00 -1.294e+00 -1.294e+00
 -1.294e+00 -1.295e+00 -1.295e+00 -1.295e+00 -1.295e+00 -1.295e+00
 -1.295e+00 -1.296e+00 -1.295e+00 -1.296e+00 -1.296e+00 -1.295e+00
 -1.295e+00 -1.296e+00 -1.295e+00 -1.295e+00 -1.295e+00 -1.295e+00
 -1.294e+00 -1.293e+00 -1.287e+00 -1.251e+00 -1.107e+00 -8.970e-01
 -7.010e-01 -5.350e-01 -3.990e-01 -2.940e-01 -2.050e-01 -1.270e-01
 -5.200e-02  2.000e-02  7.700e-02  9.300e-02  9.600e-02  9.600e-02
  8.800e-02  6.700e-02  4.800e-02  3.600e-02  2.900e-02  2.400e-02
  2.000e-02  1.700e-02  1.500e-02  1.300e-02  1.200e-02  1.100e-02
  1.000e-02  9.000e-03  8.000e-03  8.000e-03  7.000e-03  7.000e-03
  6.000e-03  6.000e-03][ 3.100e+02 -1.282e+00 -1.291e+00 -1.293e+00 -1.293e+00 -1.294e+00
 -1.294e+00 -1.294e+00 -1.294e+00 -1.294e+00 -1.295e+00 -1.295e+00
 -1.295e+00 -1.295e+00 -1.295e+00 -1.295e+00 -1.295e+00 -1.295e+00
 -1.295e+00 -1.295e+00 -1.294e+00 -1.294e+00 -1.294e+00 -1.293e+00
 -1.293e+00 -1.292e+00 -1.285e+00 -1.249e+00 -1.103e+00 -8.930e-01
 -6.950e-01 -5.300e-01 -3.980e-01 -2.910e-01 -2.040e-01 -1.260e-01
 -5.100e-02  2.200e-02  7.700e-02  9.400e-02  9.700e-02  9.600e-02
  8.800e-02  6.600e-02  4.800e-02  3.600e-02  2.900e-02  2.400e-02
  2.000e-02  1.700e-02  1.500e-02  1.300e-02  1.200e-02  1.100e-02
  1.000e-02  9.000e-03  8.000e-03  8.000e-03  7.000e-03  7.000e-03
  6.000e-03  6.000e-03][ 3.150e+02 -1.284e+00 -1.293e+00 -1.294e+00 -1.295e+00 -1.295e+00
 -1.296e+00 -1.296e+00 -1.296e+00 -1.296e+00 -1.296e+00 -1.296e+00
 -1.296e+00 -1.296e+00 -1.296e+00 -1.296e+00 -1.296e+00 -1.296e+00
 -1.296e+00 -1.295e+00 -1.295e+00 -1.295e+00 -1.295e+00 -1.294e+00
 -1.294e+00 -1.292e+00 -1.286e+00 -1.247e+00 -1.097e+00 -8.900e-01
 -6.940e-01 -5.290e-01 -3.960e-01 -2.900e-01 -2.030e-01 -1.250e-01
 -5.000e-02  2.200e-02  7.700e-02  9.300e-02  9.600e-02  9.500e-02
  8.700e-02  6.600e-02  4.800e-02  3.700e-02  2.900e-02  2.400e-02
  2.000e-02  1.700e-02  1.500e-02  1.300e-02  1.200e-02  1.100e-02
  1.000e-02  9.000e-03  8.000e-03  8.000e-03  7.000e-03  6.000e-03
  6.000e-03  6.000e-03][ 3.200e+02 -1.284e+00 -1.292e+00 -1.294e+00 -1.294e+00 -1.294e+00
 -1.295e+00 -1.295e+00 -1.295e+00 -1.295e+00 -1.295e+00 -1.295e+00
 -1.295e+00 -1.295e+00 -1.295e+00 -1.295e+00 -1.295e+00 -1.295e+00
 -1.295e+00 -1.295e+00 -1.295e+00 -1.294e+00 -1.294e+00 -1.294e+00
 -1.294e+00 -1.293e+00 -1.286e+00 -1.249e+00 -1.098e+00 -8.900e-01
 -6.930e-01 -5.290e-01 -3.950e-01 -2.900e-01 -2.020e-01 -1.250e-01
 -5.000e-02  2.200e-02  7.800e-02  9.400e-02  9.600e-02  9.600e-02
  8.700e-02  6.700e-02  4.800e-02  3.700e-02  2.900e-02  2.400e-02
  2.000e-02  1.700e-02  1.500e-02  1.300e-02  1.200e-02  1.100e-02
  1.000e-02  9.000e-03  8.000e-03  8.000e-03  7.000e-03  7.000e-03
  6.000e-03  6.000e-03][ 3.250e+02 -1.283e+00 -1.291e+00 -1.293e+00 -1.293e+00 -1.293e+00
 -1.293e+00 -1.294e+00 -1.294e+00 -1.294e+00 -1.294e+00 -1.294e+00
 -1.294e+00 -1.294e+00 -1.294e+00 -1.294e+00 -1.294e+00 -1.294e+00
 -1.294e+00 -1.294e+00 -1.294e+00 -1.294e+00 -1.294e+00 -1.294e+00
 -1.293e+00 -1.292e+00 -1.286e+00 -1.250e+00 -1.100e+00 -8.910e-01
 -6.930e-01 -5.290e-01 -3.950e-01 -2.900e-01 -2.020e-01 -1.250e-01
 -5.000e-02  2.300e-02  7.800e-02  9.400e-02  9.700e-02  9.600e-02
  8.800e-02  6.700e-02  4.800e-02  3.700e-02  2.900e-02  2.400e-02
  2.000e-02  1.700e-02  1.500e-02  1.300e-02  1.200e-02  1.100e-02
  1.000e-02  9.000e-03  8.000e-03  7.000e-03  7.000e-03  7.000e-03
  6.000e-03  6.000e-03][ 3.300e+02 -1.282e+00 -1.291e+00 -1.292e+00 -1.293e+00 -1.293e+00
 -1.293e+00 -1.293e+00 -1.294e+00 -1.294e+00 -1.294e+00 -1.294e+00
 -1.294e+00 -1.294e+00 -1.294e+00 -1.294e+00 -1.294e+00 -1.293e+00
 -1.293e+00 -1.293e+00 -1.293e+00 -1.293e+00 -1.292e+00 -1.292e+00
 -1.291e+00 -1.290e+00 -1.283e+00 -1.247e+00 -1.098e+00 -8.890e-01
 -6.920e-01 -5.270e-01 -3.950e-01 -2.890e-01 -2.030e-01 -1.250e-01
 -5.100e-02  2.100e-02  7.600e-02  9.300e-02  9.600e-02  9.500e-02
  8.700e-02  6.600e-02  4.800e-02  3.700e-02  2.900e-02  2.400e-02
  2.000e-02  1.700e-02  1.500e-02  1.300e-02  1.200e-02  1.100e-02
  1.000e-02  9.000e-03  8.000e-03  8.000e-03  7.000e-03  7.000e-03
  6.000e-03  6.000e-03][ 3.350e+02 -1.282e+00 -1.290e+00 -1.292e+00 -1.293e+00 -1.293e+00
 -1.293e+00 -1.294e+00 -1.294e+00 -1.294e+00 -1.294e+00 -1.294e+00
 -1.294e+00 -1.294e+00 -1.294e+00 -1.294e+00 -1.293e+00 -1.293e+00
 -1.293e+00 -1.293e+00 -1.293e+00 -1.292e+00 -1.292e+00 -1.291e+00
 -1.291e+00 -1.289e+00 -1.282e+00 -1.244e+00 -1.097e+00 -8.890e-01
 -6.910e-01 -5.280e-01 -3.950e-01 -2.900e-01 -2.030e-01 -1.250e-01
 -5.100e-02  2.000e-02  7.500e-02  9.300e-02  9.600e-02  9.500e-02
  8.600e-02  6.600e-02  4.800e-02  3.600e-02  2.900e-02  2.400e-02
  2.000e-02  1.700e-02  1.500e-02  1.300e-02  1.200e-02  1.100e-02
  1.000e-02  9.000e-03  8.000e-03  8.000e-03  7.000e-03  6.000e-03
  6.000e-03  6.000e-03][ 3.400e+02 -1.281e+00 -1.289e+00 -1.291e+00 -1.292e+00 -1.292e+00
 -1.292e+00 -1.292e+00 -1.292e+00 -1.292e+00 -1.292e+00 -1.292e+00
 -1.292e+00 -1.292e+00 -1.292e+00 -1.292e+00 -1.292e+00 -1.292e+00
 -1.292e+00 -1.292e+00 -1.292e+00 -1.291e+00 -1.291e+00 -1.291e+00
 -1.290e+00 -1.288e+00 -1.281e+00 -1.242e+00 -1.096e+00 -8.900e-01
 -6.920e-01 -5.280e-01 -3.960e-01 -2.900e-01 -2.030e-01 -1.260e-01
 -5.200e-02  2.000e-02  7.400e-02  9.300e-02  9.600e-02  9.500e-02
  8.600e-02  6.500e-02  4.800e-02  3.600e-02  2.900e-02  2.400e-02
  2.000e-02  1.700e-02  1.500e-02  1.300e-02  1.200e-02  1.100e-02
  1.000e-02  9.000e-03  8.000e-03  7.000e-03  7.000e-03  6.000e-03
  6.000e-03  6.000e-03][ 3.450e+02 -1.277e+00 -1.285e+00 -1.287e+00 -1.287e+00 -1.288e+00
 -1.288e+00 -1.288e+00 -1.288e+00 -1.288e+00 -1.289e+00 -1.289e+00
 -1.289e+00 -1.289e+00 -1.289e+00 -1.290e+00 -1.290e+00 -1.290e+00
 -1.290e+00 -1.290e+00 -1.290e+00 -1.290e+00 -1.290e+00 -1.290e+00
 -1.289e+00 -1.288e+00 -1.281e+00 -1.241e+00 -1.094e+00 -8.890e-01
 -6.920e-01 -5.280e-01 -3.950e-01 -2.900e-01 -2.030e-01 -1.260e-01
 -5.200e-02  1.900e-02  7.300e-02  9.200e-02  9.500e-02  9.500e-02
  8.600e-02  6.600e-02  4.800e-02  3.600e-02  2.900e-02  2.400e-02
  2.000e-02  1.700e-02  1.500e-02  1.300e-02  1.200e-02  1.100e-02
  1.000e-02  9.000e-03  8.000e-03  7.000e-03  7.000e-03  7.000e-03
  6.000e-03  6.000e-03][ 3.500e+02 -1.274e+00 -1.282e+00 -1.284e+00 -1.285e+00 -1.285e+00
 -1.286e+00 -1.286e+00 -1.286e+00 -1.286e+00 -1.287e+00 -1.287e+00
 -1.287e+00 -1.287e+00 -1.288e+00 -1.288e+00 -1.288e+00 -1.288e+00
 -1.288e+00 -1.289e+00 -1.289e+00 -1.289e+00 -1.289e+00 -1.289e+00
 -1.289e+00 -1.288e+00 -1.281e+00 -1.241e+00 -1.095e+00 -8.900e-01
 -6.930e-01 -5.280e-01 -3.960e-01 -2.900e-01 -2.030e-01 -1.250e-01
 -5.100e-02  2.000e-02  7.400e-02  9.300e-02  9.600e-02  9.500e-02
  8.700e-02  6.600e-02  4.800e-02  3.600e-02  2.900e-02  2.400e-02
  2.000e-02  1.700e-02  1.500e-02  1.300e-02  1.200e-02  1.100e-02
  1.000e-02  9.000e-03  8.000e-03  7.000e-03  7.000e-03  6.000e-03
  6.000e-03  6.000e-03][ 3.550e+02 -1.272e+00 -1.281e+00 -1.283e+00 -1.283e+00 -1.284e+00
 -1.284e+00 -1.285e+00 -1.285e+00 -1.285e+00 -1.285e+00 -1.286e+00
 -1.286e+00 -1.286e+00 -1.287e+00 -1.287e+00 -1.287e+00 -1.287e+00
 -1.288e+00 -1.288e+00 -1.288e+00 -1.288e+00 -1.288e+00 -1.288e+00
 -1.288e+00 -1.287e+00 -1.280e+00 -1.239e+00 -1.094e+00 -8.900e-01
 -6.930e-01 -5.300e-01 -3.960e-01 -2.910e-01 -2.030e-01 -1.250e-01
 -5.100e-02  2.100e-02  7.400e-02  9.300e-02  9.600e-02  9.500e-02
  8.600e-02  6.600e-02  4.800e-02  3.600e-02  2.900e-02  2.400e-02
  2.000e-02  1.700e-02  1.500e-02  1.300e-02  1.200e-02  1.100e-02
  1.000e-02  9.000e-03  8.000e-03  7.000e-03  7.000e-03  6.000e-03
  6.000e-03  6.000e-03][ 3.600e+02 -1.274e+00 -1.283e+00 -1.284e+00 -1.285e+00 -1.285e+00
 -1.286e+00 -1.286e+00 -1.286e+00 -1.287e+00 -1.287e+00 -1.287e+00
 -1.287e+00 -1.287e+00 -1.288e+00 -1.288e+00 -1.288e+00 -1.288e+00
 -1.288e+00 -1.288e+00 -1.288e+00 -1.288e+00 -1.288e+00 -1.288e+00
 -1.288e+00 -1.287e+00 -1.280e+00 -1.238e+00 -1.089e+00 -8.870e-01
 -6.920e-01 -5.290e-01 -3.960e-01 -2.910e-01 -2.030e-01 -1.250e-01
 -5.100e-02  2.100e-02  7.300e-02  9.200e-02  9.500e-02  9.400e-02
  8.500e-02  6.600e-02  4.800e-02  3.600e-02  2.900e-02  2.400e-02
  2.000e-02  1.700e-02  1.500e-02  1.300e-02  1.200e-02  1.100e-02
  1.000e-02  9.000e-03  8.000e-03  7.000e-03  7.000e-03  6.000e-03
  6.000e-03  6.000e-03][ 3.650e+02 -1.277e+00 -1.287e+00 -1.289e+00 -1.289e+00 -1.289e+00
 -1.290e+00 -1.290e+00 -1.290e+00 -1.290e+00 -1.290e+00 -1.291e+00
 -1.291e+00 -1.291e+00 -1.291e+00 -1.291e+00 -1.291e+00 -1.291e+00
 -1.291e+00 -1.291e+00 -1.291e+00 -1.290e+00 -1.290e+00 -1.290e+00
 -1.289e+00 -1.288e+00 -1.280e+00 -1.237e+00 -1.088e+00 -8.860e-01
 -6.920e-01 -5.290e-01 -3.970e-01 -2.900e-01 -2.030e-01 -1.250e-01
 -5.000e-02  2.100e-02  7.200e-02  9.100e-02  9.400e-02  9.300e-02
  8.500e-02  6.500e-02  4.700e-02  3.600e-02  2.900e-02  2.400e-02
  2.000e-02  1.700e-02  1.500e-02  1.300e-02  1.200e-02  1.100e-02
  1.000e-02  9.000e-03  8.000e-03  7.000e-03  7.000e-03  6.000e-03
  6.000e-03  6.000e-03][ 3.700e+02 -1.276e+00 -1.285e+00 -1.286e+00 -1.287e+00 -1.287e+00
 -1.288e+00 -1.288e+00 -1.289e+00 -1.289e+00 -1.289e+00 -1.289e+00
 -1.289e+00 -1.289e+00 -1.290e+00 -1.290e+00 -1.290e+00 -1.290e+00
 -1.290e+00 -1.289e+00 -1.289e+00 -1.289e+00 -1.288e+00 -1.288e+00
 -1.288e+00 -1.286e+00 -1.279e+00 -1.237e+00 -1.088e+00 -8.850e-01
 -6.890e-01 -5.270e-01 -3.940e-01 -2.900e-01 -2.030e-01 -1.250e-01
 -5.000e-02  2.100e-02  7.400e-02  9.200e-02  9.500e-02  9.400e-02
  8.500e-02  6.500e-02  4.700e-02  3.600e-02  2.900e-02  2.300e-02
  2.000e-02  1.700e-02  1.500e-02  1.300e-02  1.200e-02  1.100e-02
  1.000e-02  9.000e-03  8.000e-03  7.000e-03  7.000e-03  6.000e-03
  6.000e-03  6.000e-03][ 3.750e+02 -1.275e+00 -1.283e+00 -1.285e+00 -1.286e+00 -1.286e+00
 -1.287e+00 -1.287e+00 -1.287e+00 -1.287e+00 -1.288e+00 -1.288e+00
 -1.288e+00 -1.288e+00 -1.288e+00 -1.288e+00 -1.288e+00 -1.288e+00
 -1.288e+00 -1.288e+00 -1.288e+00 -1.288e+00 -1.287e+00 -1.287e+00
 -1.287e+00 -1.285e+00 -1.277e+00 -1.236e+00 -1.087e+00 -8.820e-01
 -6.860e-01 -5.250e-01 -3.930e-01 -2.880e-01 -2.010e-01 -1.240e-01
 -4.900e-02  2.200e-02  7.400e-02  9.200e-02  9.500e-02  9.400e-02
  8.500e-02  6.500e-02  4.700e-02  3.600e-02  2.900e-02  2.300e-02
  2.000e-02  1.700e-02  1.500e-02  1.300e-02  1.200e-02  1.100e-02
  1.000e-02  9.000e-03  8.000e-03  7.000e-03  7.000e-03  6.000e-03
  6.000e-03  6.000e-03][ 3.800e+02 -1.277e+00 -1.286e+00 -1.288e+00 -1.288e+00 -1.289e+00
 -1.289e+00 -1.289e+00 -1.289e+00 -1.289e+00 -1.289e+00 -1.289e+00
 -1.289e+00 -1.289e+00 -1.289e+00 -1.289e+00 -1.289e+00 -1.289e+00
 -1.289e+00 -1.289e+00 -1.288e+00 -1.288e+00 -1.288e+00 -1.288e+00
 -1.287e+00 -1.285e+00 -1.277e+00 -1.234e+00 -1.084e+00 -8.780e-01
 -6.840e-01 -5.230e-01 -3.910e-01 -2.870e-01 -2.010e-01 -1.240e-01
 -4.900e-02  2.100e-02  7.400e-02  9.200e-02  9.500e-02  9.400e-02
  8.600e-02  6.500e-02  4.800e-02  3.600e-02  2.900e-02  2.400e-02
  2.000e-02  1.700e-02  1.500e-02  1.300e-02  1.200e-02  1.100e-02
  1.000e-02  9.000e-03  8.000e-03  7.000e-03  7.000e-03  6.000e-03
  6.000e-03  6.000e-03][ 3.850e+02 -1.276e+00 -1.284e+00 -1.286e+00 -1.287e+00 -1.287e+00
 -1.287e+00 -1.287e+00 -1.287e+00 -1.287e+00 -1.287e+00 -1.287e+00
 -1.287e+00 -1.287e+00 -1.287e+00 -1.287e+00 -1.287e+00 -1.287e+00
 -1.287e+00 -1.287e+00 -1.287e+00 -1.286e+00 -1.286e+00 -1.286e+00
 -1.285e+00 -1.283e+00 -1.275e+00 -1.232e+00 -1.084e+00 -8.780e-01
 -6.840e-01 -5.220e-01 -3.900e-01 -2.870e-01 -2.000e-01 -1.230e-01
 -4.900e-02  2.100e-02  7.400e-02  9.200e-02  9.500e-02  9.400e-02
  8.600e-02  6.600e-02  4.800e-02  3.600e-02  2.900e-02  2.400e-02
  2.000e-02  1.700e-02  1.500e-02  1.300e-02  1.200e-02  1.100e-02
  1.000e-02  9.000e-03  8.000e-03  7.000e-03  7.000e-03  6.000e-03
  6.000e-03  6.000e-03][ 3.900e+02 -1.272e+00 -1.281e+00 -1.283e+00 -1.283e+00 -1.283e+00
 -1.283e+00 -1.284e+00 -1.284e+00 -1.284e+00 -1.284e+00 -1.284e+00
 -1.284e+00 -1.284e+00 -1.284e+00 -1.284e+00 -1.284e+00 -1.284e+00
 -1.284e+00 -1.284e+00 -1.283e+00 -1.283e+00 -1.283e+00 -1.282e+00
 -1.282e+00 -1.280e+00 -1.272e+00 -1.230e+00 -1.082e+00 -8.750e-01
 -6.830e-01 -5.210e-01 -3.900e-01 -2.860e-01 -2.000e-01 -1.230e-01
 -4.900e-02  2.200e-02  7.500e-02  9.200e-02  9.500e-02  9.400e-02
  8.500e-02  6.600e-02  4.800e-02  3.600e-02  2.900e-02  2.400e-02
  2.000e-02  1.700e-02  1.500e-02  1.300e-02  1.200e-02  1.100e-02
  1.000e-02  9.000e-03  8.000e-03  7.000e-03  7.000e-03  6.000e-03
  6.000e-03  6.000e-03][ 3.950e+02 -1.265e+00 -1.274e+00 -1.276e+00 -1.277e+00 -1.278e+00
 -1.278e+00 -1.278e+00 -1.278e+00 -1.279e+00 -1.279e+00 -1.279e+00
 -1.280e+00 -1.280e+00 -1.280e+00 -1.280e+00 -1.280e+00 -1.281e+00
 -1.281e+00 -1.281e+00 -1.281e+00 -1.281e+00 -1.281e+00 -1.280e+00
 -1.280e+00 -1.278e+00 -1.270e+00 -1.228e+00 -1.079e+00 -8.740e-01
 -6.830e-01 -5.220e-01 -3.900e-01 -2.850e-01 -2.000e-01 -1.230e-01
 -4.900e-02  2.100e-02  7.400e-02  9.200e-02  9.500e-02  9.400e-02
  8.600e-02  6.600e-02  4.800e-02  3.600e-02  2.900e-02  2.400e-02
  2.000e-02  1.700e-02  1.500e-02  1.300e-02  1.200e-02  1.000e-02
  1.000e-02  9.000e-03  8.000e-03  7.000e-03  7.000e-03  6.000e-03
  6.000e-03  6.000e-03][ 4.000e+02 -1.264e+00 -1.273e+00 -1.275e+00 -1.275e+00 -1.276e+00
 -1.276e+00 -1.276e+00 -1.277e+00 -1.277e+00 -1.277e+00 -1.277e+00
 -1.278e+00 -1.278e+00 -1.278e+00 -1.279e+00 -1.279e+00 -1.279e+00
 -1.279e+00 -1.280e+00 -1.280e+00 -1.280e+00 -1.280e+00 -1.280e+00
 -1.280e+00 -1.279e+00 -1.271e+00 -1.229e+00 -1.077e+00 -8.720e-01
 -6.810e-01 -5.200e-01 -3.900e-01 -2.850e-01 -1.990e-01 -1.230e-01
 -5.000e-02  2.000e-02  7.300e-02  9.200e-02  9.500e-02  9.400e-02
  8.500e-02  6.600e-02  4.800e-02  3.600e-02  2.900e-02  2.400e-02
  2.000e-02  1.700e-02  1.500e-02  1.300e-02  1.200e-02  1.100e-02
  1.000e-02  9.000e-03  8.000e-03  7.000e-03  7.000e-03  6.000e-03
  6.000e-03  6.000e-03][ 4.050e+02 -1.267e+00 -1.276e+00 -1.278e+00 -1.278e+00 -1.279e+00
 -1.279e+00 -1.279e+00 -1.279e+00 -1.279e+00 -1.279e+00 -1.279e+00
 -1.280e+00 -1.280e+00 -1.280e+00 -1.280e+00 -1.281e+00 -1.281e+00
 -1.281e+00 -1.281e+00 -1.281e+00 -1.282e+00 -1.282e+00 -1.282e+00
 -1.282e+00 -1.281e+00 -1.274e+00 -1.231e+00 -1.078e+00 -8.720e-01
 -6.800e-01 -5.190e-01 -3.890e-01 -2.840e-01 -1.990e-01 -1.230e-01
 -5.000e-02  1.900e-02  7.200e-02  9.100e-02  9.400e-02  9.400e-02
  8.500e-02  6.600e-02  4.800e-02  3.600e-02  2.900e-02  2.400e-02
  2.000e-02  1.700e-02  1.500e-02  1.300e-02  1.200e-02  1.000e-02
  9.000e-03  9.000e-03  8.000e-03  7.000e-03  7.000e-03  6.000e-03
  6.000e-03  6.000e-03][ 4.100e+02 -1.271e+00 -1.279e+00 -1.281e+00 -1.281e+00 -1.281e+00
 -1.281e+00 -1.281e+00 -1.281e+00 -1.281e+00 -1.281e+00 -1.281e+00
 -1.282e+00 -1.282e+00 -1.282e+00 -1.282e+00 -1.282e+00 -1.282e+00
 -1.282e+00 -1.282e+00 -1.282e+00 -1.282e+00 -1.282e+00 -1.282e+00
 -1.282e+00 -1.280e+00 -1.273e+00 -1.229e+00 -1.078e+00 -8.710e-01
 -6.790e-01 -5.180e-01 -3.870e-01 -2.840e-01 -1.980e-01 -1.220e-01
 -4.900e-02  2.000e-02  7.300e-02  9.200e-02  9.500e-02  9.400e-02
  8.500e-02  6.600e-02  4.800e-02  3.600e-02  2.900e-02  2.400e-02
  2.000e-02  1.700e-02  1.500e-02  1.300e-02  1.200e-02  1.100e-02
  1.000e-02  9.000e-03  8.000e-03  7.000e-03  7.000e-03  6.000e-03
  6.000e-03  5.000e-03][ 4.150e+02 -1.269e+00 -1.277e+00 -1.279e+00 -1.279e+00 -1.280e+00
 -1.280e+00 -1.280e+00 -1.280e+00 -1.280e+00 -1.280e+00 -1.280e+00
 -1.280e+00 -1.280e+00 -1.280e+00 -1.280e+00 -1.280e+00 -1.281e+00
 -1.280e+00 -1.280e+00 -1.280e+00 -1.280e+00 -1.280e+00 -1.280e+00
 -1.280e+00 -1.278e+00 -1.269e+00 -1.225e+00 -1.073e+00 -8.670e-01
 -6.770e-01 -5.160e-01 -3.870e-01 -2.820e-01 -1.970e-01 -1.210e-01
 -4.800e-02  2.100e-02  7.300e-02  9.200e-02  9.500e-02  9.400e-02
  8.500e-02  6.500e-02  4.700e-02  3.600e-02  2.800e-02  2.300e-02
  2.000e-02  1.700e-02  1.500e-02  1.300e-02  1.200e-02  1.000e-02
  9.000e-03  9.000e-03  8.000e-03  7.000e-03  7.000e-03  6.000e-03
  6.000e-03  6.000e-03][ 4.200e+02 -1.261e+00 -1.269e+00 -1.271e+00 -1.272e+00 -1.272e+00
 -1.273e+00 -1.273e+00 -1.273e+00 -1.273e+00 -1.274e+00 -1.274e+00
 -1.274e+00 -1.274e+00 -1.275e+00 -1.275e+00 -1.275e+00 -1.275e+00
 -1.275e+00 -1.275e+00 -1.276e+00 -1.276e+00 -1.276e+00 -1.276e+00
 -1.275e+00 -1.274e+00 -1.265e+00 -1.217e+00 -1.064e+00 -8.630e-01
 -6.730e-01 -5.150e-01 -3.850e-01 -2.810e-01 -1.960e-01 -1.210e-01
 -4.800e-02  2.000e-02  7.200e-02  9.100e-02  9.400e-02  9.300e-02
  8.400e-02  6.400e-02  4.700e-02  3.600e-02  2.800e-02  2.300e-02
  2.000e-02  1.700e-02  1.500e-02  1.300e-02  1.200e-02  1.000e-02
  9.000e-03  9.000e-03  8.000e-03  7.000e-03  7.000e-03  6.000e-03
  6.000e-03  5.000e-03][ 4.250e+02 -1.263e+00 -1.271e+00 -1.272e+00 -1.273e+00 -1.273e+00
 -1.273e+00 -1.273e+00 -1.273e+00 -1.273e+00 -1.274e+00 -1.274e+00
 -1.274e+00 -1.274e+00 -1.274e+00 -1.274e+00 -1.274e+00 -1.274e+00
 -1.274e+00 -1.274e+00 -1.274e+00 -1.274e+00 -1.274e+00 -1.273e+00
 -1.273e+00 -1.271e+00 -1.262e+00 -1.214e+00 -1.063e+00 -8.610e-01
 -6.720e-01 -5.150e-01 -3.850e-01 -2.810e-01 -1.950e-01 -1.200e-01
 -4.700e-02  2.200e-02  7.300e-02  9.100e-02  9.400e-02  9.300e-02
  8.400e-02  6.400e-02  4.700e-02  3.600e-02  2.800e-02  2.300e-02
  2.000e-02  1.700e-02  1.500e-02  1.300e-02  1.200e-02  1.000e-02
  9.000e-03  9.000e-03  8.000e-03  7.000e-03  7.000e-03  6.000e-03
  6.000e-03  5.000e-03][ 4.300e+02 -1.268e+00 -1.275e+00 -1.277e+00 -1.277e+00 -1.277e+00
 -1.277e+00 -1.277e+00 -1.277e+00 -1.277e+00 -1.276e+00 -1.276e+00
 -1.276e+00 -1.276e+00 -1.276e+00 -1.276e+00 -1.275e+00 -1.275e+00
 -1.275e+00 -1.275e+00 -1.274e+00 -1.274e+00 -1.273e+00 -1.273e+00
 -1.272e+00 -1.270e+00 -1.260e+00 -1.214e+00 -1.063e+00 -8.600e-01
 -6.730e-01 -5.130e-01 -3.840e-01 -2.810e-01 -1.950e-01 -1.190e-01
 -4.500e-02  2.400e-02  7.600e-02  9.300e-02  9.500e-02  9.400e-02
  8.400e-02  6.400e-02  4.700e-02  3.600e-02  2.800e-02  2.300e-02
  1.900e-02  1.700e-02  1.500e-02  1.300e-02  1.200e-02  1.000e-02
  9.000e-03  9.000e-03  8.000e-03  7.000e-03  7.000e-03  6.000e-03
  6.000e-03  5.000e-03][ 4.350e+02 -1.265e+00 -1.273e+00 -1.274e+00 -1.275e+00 -1.275e+00
 -1.275e+00 -1.275e+00 -1.275e+00 -1.275e+00 -1.275e+00 -1.274e+00
 -1.274e+00 -1.274e+00 -1.274e+00 -1.274e+00 -1.274e+00 -1.273e+00
 -1.273e+00 -1.273e+00 -1.272e+00 -1.272e+00 -1.272e+00 -1.271e+00
 -1.270e+00 -1.268e+00 -1.259e+00 -1.212e+00 -1.061e+00 -8.590e-01
 -6.720e-01 -5.120e-01 -3.840e-01 -2.800e-01 -1.940e-01 -1.180e-01
 -4.500e-02  2.400e-02  7.500e-02  9.200e-02  9.500e-02  9.300e-02
  8.400e-02  6.400e-02  4.600e-02  3.600e-02  2.800e-02  2.300e-02
  1.900e-02  1.700e-02  1.500e-02  1.300e-02  1.100e-02  1.000e-02
  9.000e-03  9.000e-03  8.000e-03  7.000e-03  7.000e-03  6.000e-03
  6.000e-03  5.000e-03][ 4.400e+02 -1.261e+00 -1.270e+00 -1.272e+00 -1.272e+00 -1.273e+00
 -1.273e+00 -1.273e+00 -1.273e+00 -1.273e+00 -1.273e+00 -1.273e+00
 -1.273e+00 -1.273e+00 -1.273e+00 -1.272e+00 -1.272e+00 -1.272e+00
 -1.272e+00 -1.272e+00 -1.271e+00 -1.271e+00 -1.271e+00 -1.270e+00
 -1.269e+00 -1.267e+00 -1.258e+00 -1.211e+00 -1.058e+00 -8.560e-01
 -6.690e-01 -5.120e-01 -3.830e-01 -2.790e-01 -1.940e-01 -1.180e-01
 -4.400e-02  2.500e-02  7.500e-02  9.100e-02  9.400e-02  9.300e-02
  8.300e-02  6.300e-02  4.600e-02  3.500e-02  2.800e-02  2.300e-02
  1.900e-02  1.700e-02  1.500e-02  1.300e-02  1.200e-02  1.000e-02
  9.000e-03  9.000e-03  8.000e-03  7.000e-03  7.000e-03  6.000e-03
  6.000e-03  5.000e-03][ 4.450e+02 -1.256e+00 -1.265e+00 -1.267e+00 -1.268e+00 -1.268e+00
 -1.268e+00 -1.269e+00 -1.269e+00 -1.269e+00 -1.269e+00 -1.269e+00
 -1.269e+00 -1.269e+00 -1.269e+00 -1.269e+00 -1.269e+00 -1.269e+00
 -1.269e+00 -1.268e+00 -1.268e+00 -1.268e+00 -1.267e+00 -1.267e+00
 -1.266e+00 -1.264e+00 -1.254e+00 -1.207e+00 -1.057e+00 -8.550e-01
 -6.680e-01 -5.100e-01 -3.820e-01 -2.780e-01 -1.930e-01 -1.170e-01
 -4.400e-02  2.500e-02  7.500e-02  9.200e-02  9.500e-02  9.300e-02
  8.300e-02  6.300e-02  4.600e-02  3.500e-02  2.800e-02  2.300e-02
  1.900e-02  1.700e-02  1.500e-02  1.300e-02  1.100e-02  1.000e-02
  9.000e-03  8.000e-03  8.000e-03  7.000e-03  7.000e-03  6.000e-03
  6.000e-03  5.000e-03][ 4.500e+02 -1.254e+00 -1.263e+00 -1.265e+00 -1.266e+00 -1.266e+00
 -1.266e+00 -1.267e+00 -1.267e+00 -1.267e+00 -1.267e+00 -1.267e+00
 -1.267e+00 -1.268e+00 -1.268e+00 -1.268e+00 -1.268e+00 -1.268e+00
 -1.268e+00 -1.267e+00 -1.267e+00 -1.267e+00 -1.266e+00 -1.266e+00
 -1.265e+00 -1.263e+00 -1.253e+00 -1.206e+00 -1.056e+00 -8.530e-01
 -6.650e-01 -5.070e-01 -3.810e-01 -2.770e-01 -1.920e-01 -1.170e-01
 -4.300e-02  2.600e-02  7.600e-02  9.200e-02  9.500e-02  9.300e-02
  8.300e-02  6.300e-02  4.600e-02  3.500e-02  2.800e-02  2.300e-02
  1.900e-02  1.700e-02  1.400e-02  1.300e-02  1.100e-02  1.000e-02
  9.000e-03  9.000e-03  8.000e-03  7.000e-03  7.000e-03  6.000e-03
  6.000e-03  5.000e-03][ 4.550e+02 -1.252e+00 -1.261e+00 -1.263e+00 -1.264e+00 -1.265e+00
 -1.265e+00 -1.265e+00 -1.265e+00 -1.266e+00 -1.266e+00 -1.266e+00
 -1.266e+00 -1.267e+00 -1.267e+00 -1.267e+00 -1.267e+00 -1.267e+00
 -1.267e+00 -1.267e+00 -1.267e+00 -1.266e+00 -1.266e+00 -1.266e+00
 -1.265e+00 -1.263e+00 -1.253e+00 -1.205e+00 -1.053e+00 -8.510e-01
 -6.630e-01 -5.070e-01 -3.800e-01 -2.760e-01 -1.910e-01 -1.160e-01
 -4.300e-02  2.600e-02  7.500e-02  9.200e-02  9.500e-02  9.300e-02
  8.300e-02  6.300e-02  4.600e-02  3.500e-02  2.800e-02  2.300e-02
  1.900e-02  1.700e-02  1.500e-02  1.300e-02  1.100e-02  1.000e-02
  9.000e-03  8.000e-03  8.000e-03  7.000e-03  7.000e-03  6.000e-03
  6.000e-03  5.000e-03][ 4.600e+02 -1.251e+00 -1.260e+00 -1.262e+00 -1.263e+00 -1.263e+00
 -1.263e+00 -1.264e+00 -1.264e+00 -1.264e+00 -1.264e+00 -1.264e+00
 -1.265e+00 -1.265e+00 -1.265e+00 -1.265e+00 -1.265e+00 -1.265e+00
 -1.265e+00 -1.265e+00 -1.264e+00 -1.264e+00 -1.264e+00 -1.263e+00
 -1.262e+00 -1.260e+00 -1.250e+00 -1.201e+00 -1.050e+00 -8.500e-01
 -6.630e-01 -5.060e-01 -3.790e-01 -2.760e-01 -1.910e-01 -1.150e-01
 -4.300e-02  2.500e-02  7.500e-02  9.200e-02  9.400e-02  9.300e-02
  8.300e-02  6.300e-02  4.600e-02  3.500e-02  2.800e-02  2.300e-02
  1.900e-02  1.700e-02  1.400e-02  1.300e-02  1.100e-02  1.000e-02
  9.000e-03  8.000e-03  8.000e-03  7.000e-03  7.000e-03  6.000e-03
  6.000e-03  5.000e-03][ 4.650e+02 -1.249e+00 -1.259e+00 -1.261e+00 -1.262e+00 -1.262e+00
 -1.262e+00 -1.263e+00 -1.263e+00 -1.263e+00 -1.263e+00 -1.263e+00
 -1.264e+00 -1.264e+00 -1.264e+00 -1.264e+00 -1.264e+00 -1.264e+00
 -1.264e+00 -1.263e+00 -1.263e+00 -1.263e+00 -1.263e+00 -1.262e+00
 -1.261e+00 -1.258e+00 -1.248e+00 -1.198e+00 -1.048e+00 -8.480e-01
 -6.610e-01 -5.050e-01 -3.790e-01 -2.750e-01 -1.910e-01 -1.150e-01
 -4.200e-02  2.500e-02  7.400e-02  9.100e-02  9.400e-02  9.300e-02
  8.200e-02  6.300e-02  4.600e-02  3.500e-02  2.800e-02  2.300e-02
  1.900e-02  1.700e-02  1.400e-02  1.300e-02  1.100e-02  1.000e-02
  9.000e-03  8.000e-03  8.000e-03  7.000e-03  7.000e-03  6.000e-03
  6.000e-03  5.000e-03][ 4.700e+02 -1.245e+00 -1.255e+00 -1.257e+00 -1.258e+00 -1.258e+00
 -1.259e+00 -1.259e+00 -1.259e+00 -1.259e+00 -1.260e+00 -1.260e+00
 -1.260e+00 -1.260e+00 -1.260e+00 -1.260e+00 -1.260e+00 -1.260e+00
 -1.260e+00 -1.260e+00 -1.260e+00 -1.260e+00 -1.260e+00 -1.259e+00
 -1.258e+00 -1.256e+00 -1.245e+00 -1.196e+00 -1.046e+00 -8.470e-01
 -6.610e-01 -5.050e-01 -3.800e-01 -2.750e-01 -1.910e-01 -1.150e-01
 -4.200e-02  2.600e-02  7.500e-02  9.200e-02  9.500e-02  9.300e-02
  8.300e-02  6.300e-02  4.600e-02  3.500e-02  2.800e-02  2.300e-02
  1.900e-02  1.700e-02  1.400e-02  1.300e-02  1.100e-02  1.000e-02
  9.000e-03  8.000e-03  8.000e-03  7.000e-03  7.000e-03  6.000e-03
  6.000e-03  5.000e-03][ 4.750e+02 -1.242e+00 -1.252e+00 -1.255e+00 -1.256e+00 -1.256e+00
 -1.257e+00 -1.257e+00 -1.257e+00 -1.258e+00 -1.258e+00 -1.258e+00
 -1.258e+00 -1.258e+00 -1.259e+00 -1.259e+00 -1.259e+00 -1.259e+00
 -1.259e+00 -1.259e+00 -1.258e+00 -1.258e+00 -1.258e+00 -1.257e+00
 -1.257e+00 -1.254e+00 -1.243e+00 -1.194e+00 -1.045e+00 -8.470e-01
 -6.600e-01 -5.040e-01 -3.800e-01 -2.750e-01 -1.900e-01 -1.150e-01
 -4.200e-02  2.600e-02  7.500e-02  9.200e-02  9.500e-02  9.300e-02
  8.300e-02  6.400e-02  4.600e-02  3.500e-02  2.800e-02  2.300e-02
  1.900e-02  1.700e-02  1.400e-02  1.300e-02  1.100e-02  1.000e-02
  9.000e-03  8.000e-03  8.000e-03  7.000e-03  6.000e-03  6.000e-03
  6.000e-03  5.000e-03][ 4.800e+02 -1.241e+00 -1.251e+00 -1.254e+00 -1.255e+00 -1.255e+00
 -1.256e+00 -1.256e+00 -1.257e+00 -1.257e+00 -1.257e+00 -1.257e+00
 -1.257e+00 -1.258e+00 -1.258e+00 -1.258e+00 -1.258e+00 -1.258e+00
 -1.258e+00 -1.258e+00 -1.258e+00 -1.257e+00 -1.257e+00 -1.257e+00
 -1.256e+00 -1.253e+00 -1.242e+00 -1.193e+00 -1.046e+00 -8.460e-01
 -6.600e-01 -5.040e-01 -3.800e-01 -2.740e-01 -1.900e-01 -1.150e-01
 -4.100e-02  2.700e-02  7.500e-02  9.200e-02  9.500e-02  9.300e-02
  8.300e-02  6.300e-02  4.600e-02  3.500e-02  2.800e-02  2.300e-02
  1.900e-02  1.700e-02  1.400e-02  1.300e-02  1.100e-02  1.000e-02
  9.000e-03  8.000e-03  8.000e-03  7.000e-03  6.000e-03  6.000e-03
  6.000e-03  5.000e-03][ 4.850e+02 -1.239e+00 -1.249e+00 -1.251e+00 -1.252e+00 -1.253e+00
 -1.253e+00 -1.253e+00 -1.254e+00 -1.254e+00 -1.254e+00 -1.254e+00
 -1.254e+00 -1.254e+00 -1.255e+00 -1.254e+00 -1.255e+00 -1.254e+00
 -1.254e+00 -1.254e+00 -1.254e+00 -1.254e+00 -1.254e+00 -1.253e+00
 -1.252e+00 -1.249e+00 -1.238e+00 -1.190e+00 -1.045e+00 -8.460e-01
 -6.590e-01 -5.020e-01 -3.790e-01 -2.730e-01 -1.890e-01 -1.140e-01
 -4.100e-02  2.700e-02  7.500e-02  9.200e-02  9.500e-02  9.300e-02
  8.300e-02  6.300e-02  4.600e-02  3.500e-02  2.800e-02  2.300e-02
  1.900e-02  1.700e-02  1.400e-02  1.300e-02  1.100e-02  1.000e-02
  9.000e-03  8.000e-03  8.000e-03  7.000e-03  6.000e-03  6.000e-03
  6.000e-03  5.000e-03][ 4.900e+02 -1.238e+00 -1.247e+00 -1.249e+00 -1.250e+00 -1.251e+00
 -1.251e+00 -1.251e+00 -1.252e+00 -1.252e+00 -1.252e+00 -1.252e+00
 -1.252e+00 -1.252e+00 -1.252e+00 -1.252e+00 -1.253e+00 -1.252e+00
 -1.252e+00 -1.252e+00 -1.252e+00 -1.252e+00 -1.251e+00 -1.251e+00
 -1.250e+00 -1.247e+00 -1.236e+00 -1.187e+00 -1.041e+00 -8.430e-01
 -6.570e-01 -5.010e-01 -3.790e-01 -2.720e-01 -1.880e-01 -1.130e-01
 -4.100e-02  2.700e-02  7.500e-02  9.100e-02  9.400e-02  9.200e-02
  8.200e-02  6.200e-02  4.600e-02  3.500e-02  2.800e-02  2.300e-02
  1.900e-02  1.600e-02  1.400e-02  1.300e-02  1.100e-02  1.000e-02
  9.000e-03  8.000e-03  8.000e-03  7.000e-03  6.000e-03  6.000e-03
  6.000e-03  5.000e-03][ 4.950e+02 -1.238e+00 -1.247e+00 -1.249e+00 -1.250e+00 -1.251e+00
 -1.251e+00 -1.251e+00 -1.251e+00 -1.252e+00 -1.252e+00 -1.252e+00
 -1.252e+00 -1.252e+00 -1.253e+00 -1.253e+00 -1.253e+00 -1.253e+00
 -1.253e+00 -1.252e+00 -1.252e+00 -1.252e+00 -1.252e+00 -1.251e+00
 -1.251e+00 -1.248e+00 -1.236e+00 -1.186e+00 -1.038e+00 -8.410e-01
 -6.560e-01 -5.000e-01 -3.800e-01 -2.720e-01 -1.880e-01 -1.130e-01
 -4.000e-02  2.700e-02  7.400e-02  9.100e-02  9.300e-02  9.200e-02
  8.200e-02  6.200e-02  4.600e-02  3.500e-02  2.800e-02  2.300e-02
  1.900e-02  1.600e-02  1.400e-02  1.300e-02  1.100e-02  1.000e-02
  9.000e-03  8.000e-03  8.000e-03  7.000e-03  6.000e-03  6.000e-03
  6.000e-03  5.000e-03][ 5.000e+02 -1.234e+00 -1.244e+00 -1.246e+00 -1.247e+00 -1.247e+00
 -1.248e+00 -1.248e+00 -1.248e+00 -1.249e+00 -1.249e+00 -1.249e+00
 -1.249e+00 -1.250e+00 -1.250e+00 -1.250e+00 -1.250e+00 -1.250e+00
 -1.250e+00 -1.250e+00 -1.250e+00 -1.249e+00 -1.249e+00 -1.249e+00
 -1.248e+00 -1.245e+00 -1.233e+00 -1.183e+00 -1.037e+00 -8.410e-01
 -6.560e-01 -5.000e-01 -3.800e-01 -2.720e-01 -1.870e-01 -1.120e-01
 -4.000e-02  2.700e-02  7.500e-02  9.100e-02  9.400e-02  9.200e-02
  8.200e-02  6.200e-02  4.600e-02  3.500e-02  2.800e-02  2.300e-02
  1.900e-02  1.600e-02  1.400e-02  1.300e-02  1.100e-02  1.000e-02
  9.000e-03  8.000e-03  7.000e-03  7.000e-03  6.000e-03  6.000e-03
  6.000e-03  5.000e-03][ 5.050e+02 -1.230e+00 -1.240e+00 -1.243e+00 -1.244e+00 -1.244e+00
 -1.244e+00 -1.245e+00 -1.245e+00 -1.245e+00 -1.245e+00 -1.246e+00
 -1.246e+00 -1.246e+00 -1.246e+00 -1.246e+00 -1.246e+00 -1.246e+00
 -1.246e+00 -1.246e+00 -1.246e+00 -1.246e+00 -1.246e+00 -1.245e+00
 -1.244e+00 -1.242e+00 -1.230e+00 -1.180e+00 -1.036e+00 -8.400e-01
 -6.560e-01 -5.000e-01 -3.820e-01 -2.710e-01 -1.870e-01 -1.120e-01
 -3.900e-02  2.800e-02  7.600e-02  9.200e-02  9.500e-02  9.300e-02
  8.300e-02  6.300e-02  4.600e-02  3.500e-02  2.800e-02  2.300e-02
  1.900e-02  1.600e-02  1.400e-02  1.300e-02  1.100e-02  1.000e-02
  9.000e-03  8.000e-03  7.000e-03  7.000e-03  6.000e-03  6.000e-03
  6.000e-03  5.000e-03][ 5.100e+02 -1.227e+00 -1.238e+00 -1.240e+00 -1.241e+00 -1.242e+00
 -1.242e+00 -1.243e+00 -1.243e+00 -1.243e+00 -1.244e+00 -1.244e+00
 -1.244e+00 -1.244e+00 -1.245e+00 -1.245e+00 -1.245e+00 -1.245e+00
 -1.245e+00 -1.245e+00 -1.246e+00 -1.245e+00 -1.246e+00 -1.245e+00
 -1.245e+00 -1.242e+00 -1.231e+00 -1.181e+00 -1.033e+00 -8.380e-01
 -6.540e-01 -4.990e-01 -3.830e-01 -2.710e-01 -1.870e-01 -1.120e-01
 -3.900e-02  2.800e-02  7.600e-02  9.100e-02  9.500e-02  9.300e-02
  8.300e-02  6.300e-02  4.600e-02  3.500e-02  2.800e-02  2.300e-02
  1.900e-02  1.600e-02  1.400e-02  1.200e-02  1.100e-02  1.000e-02
  9.000e-03  8.000e-03  7.000e-03  7.000e-03  6.000e-03  6.000e-03
  6.000e-03  5.000e-03][ 5.150e+02 -1.226e+00 -1.237e+00 -1.240e+00 -1.241e+00 -1.241e+00
 -1.241e+00 -1.242e+00 -1.242e+00 -1.242e+00 -1.242e+00 -1.242e+00
 -1.243e+00 -1.243e+00 -1.243e+00 -1.243e+00 -1.243e+00 -1.243e+00
 -1.243e+00 -1.243e+00 -1.243e+00 -1.243e+00 -1.243e+00 -1.243e+00
 -1.243e+00 -1.241e+00 -1.230e+00 -1.179e+00 -1.031e+00 -8.370e-01
 -6.530e-01 -4.980e-01 -3.830e-01 -2.700e-01 -1.860e-01 -1.120e-01
 -4.000e-02  2.700e-02  7.500e-02  9.100e-02  9.400e-02  9.300e-02
  8.300e-02  6.400e-02  4.600e-02  3.500e-02  2.800e-02  2.300e-02
  1.900e-02  1.600e-02  1.400e-02  1.200e-02  1.100e-02  1.000e-02
  9.000e-03  8.000e-03  7.000e-03  7.000e-03  6.000e-03  6.000e-03
  6.000e-03  5.000e-03][ 5.200e+02 -1.225e+00 -1.235e+00 -1.238e+00 -1.238e+00 -1.239e+00
 -1.239e+00 -1.239e+00 -1.239e+00 -1.239e+00 -1.239e+00 -1.239e+00
 -1.239e+00 -1.239e+00 -1.239e+00 -1.239e+00 -1.238e+00 -1.238e+00
 -1.238e+00 -1.238e+00 -1.238e+00 -1.237e+00 -1.237e+00 -1.236e+00
 -1.236e+00 -1.233e+00 -1.223e+00 -1.174e+00 -1.028e+00 -8.340e-01
 -6.500e-01 -4.970e-01 -3.700e-01 -2.700e-01 -1.860e-01 -1.120e-01
 -3.900e-02  2.700e-02  7.400e-02  9.100e-02  9.400e-02  9.300e-02
  8.300e-02  6.300e-02  4.600e-02  3.500e-02  2.800e-02  2.300e-02
  1.900e-02  1.600e-02  1.400e-02  1.200e-02  1.100e-02  1.000e-02
  9.000e-03  8.000e-03  7.000e-03  7.000e-03  6.000e-03  6.000e-03
  6.000e-03  5.000e-03][ 5.250e+02 -1.221e+00 -1.232e+00 -1.234e+00 -1.235e+00 -1.235e+00
 -1.235e+00 -1.236e+00 -1.236e+00 -1.236e+00 -1.236e+00 -1.236e+00
 -1.236e+00 -1.237e+00 -1.237e+00 -1.237e+00 -1.237e+00 -1.237e+00
 -1.237e+00 -1.236e+00 -1.236e+00 -1.236e+00 -1.236e+00 -1.235e+00
 -1.235e+00 -1.233e+00 -1.222e+00 -1.171e+00 -1.022e+00 -8.290e-01
 -6.480e-01 -4.950e-01 -3.690e-01 -2.680e-01 -1.850e-01 -1.110e-01
 -4.000e-02  2.600e-02  7.300e-02  9.000e-02  9.400e-02  9.200e-02
  8.200e-02  6.300e-02  4.600e-02  3.500e-02  2.800e-02  2.300e-02
  1.900e-02  1.600e-02  1.400e-02  1.200e-02  1.100e-02  1.000e-02
  9.000e-03  8.000e-03  7.000e-03  7.000e-03  6.000e-03  5.000e-03
  6.000e-03  5.000e-03][ 5.300e+02 -1.218e+00 -1.228e+00 -1.230e+00 -1.231e+00 -1.232e+00
 -1.232e+00 -1.233e+00 -1.233e+00 -1.234e+00 -1.234e+00 -1.234e+00
 -1.235e+00 -1.235e+00 -1.235e+00 -1.235e+00 -1.236e+00 -1.236e+00
 -1.236e+00 -1.236e+00 -1.236e+00 -1.236e+00 -1.236e+00 -1.236e+00
 -1.236e+00 -1.234e+00 -1.223e+00 -1.168e+00 -1.015e+00 -8.240e-01
 -6.440e-01 -4.920e-01 -3.680e-01 -2.680e-01 -1.850e-01 -1.110e-01
 -4.000e-02  2.500e-02  7.100e-02  8.900e-02  9.200e-02  9.100e-02
  8.100e-02  6.300e-02  4.600e-02  3.500e-02  2.800e-02  2.300e-02
  1.900e-02  1.600e-02  1.400e-02  1.200e-02  1.100e-02  1.000e-02
  9.000e-03  8.000e-03  7.000e-03  6.000e-03  6.000e-03  5.000e-03
  6.000e-03  5.000e-03][ 5.350e+02 -1.215e+00 -1.225e+00 -1.227e+00 -1.228e+00 -1.229e+00
 -1.229e+00 -1.230e+00 -1.230e+00 -1.230e+00 -1.231e+00 -1.231e+00
 -1.232e+00 -1.232e+00 -1.232e+00 -1.233e+00 -1.233e+00 -1.233e+00
 -1.233e+00 -1.234e+00 -1.234e+00 -1.234e+00 -1.234e+00 -1.234e+00
 -1.234e+00 -1.233e+00 -1.221e+00 -1.165e+00 -1.013e+00 -8.210e-01
 -6.430e-01 -4.900e-01 -3.670e-01 -2.670e-01 -1.840e-01 -1.110e-01
 -4.000e-02  2.500e-02  7.100e-02  8.800e-02  9.200e-02  9.100e-02
  8.100e-02  6.300e-02  4.600e-02  3.500e-02  2.800e-02  2.200e-02
  1.900e-02  1.600e-02  1.400e-02  1.200e-02  1.100e-02  9.000e-03
  8.000e-03  8.000e-03  7.000e-03  6.000e-03  6.000e-03  5.000e-03
  6.000e-03  5.000e-03][ 5.400e+02 -1.212e+00 -1.221e+00 -1.223e+00 -1.224e+00 -1.225e+00
 -1.225e+00 -1.226e+00 -1.226e+00 -1.226e+00 -1.227e+00 -1.227e+00
 -1.228e+00 -1.228e+00 -1.228e+00 -1.229e+00 -1.229e+00 -1.230e+00
 -1.230e+00 -1.230e+00 -1.230e+00 -1.231e+00 -1.231e+00 -1.231e+00
 -1.231e+00 -1.229e+00 -1.218e+00 -1.163e+00 -1.012e+00 -8.210e-01
 -6.410e-01 -4.890e-01 -3.660e-01 -2.660e-01 -1.840e-01 -1.110e-01
 -4.000e-02  2.500e-02  7.200e-02  8.900e-02  9.300e-02  9.100e-02
  8.200e-02  6.300e-02  4.600e-02  3.500e-02  2.700e-02  2.200e-02
  1.900e-02  1.600e-02  1.400e-02  1.200e-02  1.000e-02  9.000e-03
  8.000e-03  8.000e-03  7.000e-03  6.000e-03  6.000e-03  5.000e-03
  6.000e-03  5.000e-03][ 5.450e+02 -1.207e+00 -1.217e+00 -1.219e+00 -1.220e+00 -1.220e+00
 -1.221e+00 -1.221e+00 -1.221e+00 -1.222e+00 -1.222e+00 -1.222e+00
 -1.223e+00 -1.223e+00 -1.224e+00 -1.224e+00 -1.224e+00 -1.225e+00
 -1.225e+00 -1.225e+00 -1.226e+00 -1.226e+00 -1.226e+00 -1.227e+00
 -1.226e+00 -1.224e+00 -1.212e+00 -1.159e+00 -1.011e+00 -8.190e-01
 -6.400e-01 -4.880e-01 -3.650e-01 -2.660e-01 -1.840e-01 -1.110e-01
 -4.000e-02  2.500e-02  7.300e-02  9.000e-02  9.300e-02  9.100e-02
  8.200e-02  6.300e-02  4.600e-02  3.500e-02  2.700e-02  2.200e-02
  1.800e-02  1.600e-02  1.400e-02  1.200e-02  1.000e-02  9.000e-03
  8.000e-03  7.000e-03  7.000e-03  6.000e-03  6.000e-03  5.000e-03
  6.000e-03  4.000e-03][ 5.500e+02 -1.202e+00 -1.212e+00 -1.214e+00 -1.215e+00 -1.215e+00
 -1.215e+00 -1.216e+00 -1.216e+00 -1.217e+00 -1.217e+00 -1.217e+00
 -1.218e+00 -1.218e+00 -1.219e+00 -1.219e+00 -1.219e+00 -1.220e+00
 -1.220e+00 -1.220e+00 -1.221e+00 -1.221e+00 -1.221e+00 -1.221e+00
 -1.221e+00 -1.218e+00 -1.206e+00 -1.153e+00 -1.006e+00 -8.160e-01
 -6.370e-01 -4.860e-01 -3.630e-01 -2.640e-01 -1.830e-01 -1.100e-01
 -4.000e-02  2.500e-02  7.300e-02  9.000e-02  9.300e-02  9.100e-02
  8.200e-02  6.300e-02  4.600e-02  3.500e-02  2.700e-02  2.200e-02
  1.800e-02  1.600e-02  1.300e-02  1.200e-02  1.000e-02  9.000e-03
  8.000e-03  7.000e-03  7.000e-03  6.000e-03  5.000e-03  5.000e-03
  6.000e-03  4.000e-03][ 5.550e+02 -1.200e+00 -1.209e+00 -1.211e+00 -1.212e+00 -1.212e+00
 -1.213e+00 -1.213e+00 -1.213e+00 -1.214e+00 -1.214e+00 -1.214e+00
 -1.215e+00 -1.215e+00 -1.216e+00 -1.216e+00 -1.216e+00 -1.216e+00
 -1.217e+00 -1.217e+00 -1.217e+00 -1.217e+00 -1.217e+00 -1.217e+00
 -1.217e+00 -1.214e+00 -1.201e+00 -1.148e+00 -1.002e+00 -8.120e-01
 -6.330e-01 -4.830e-01 -3.610e-01 -2.620e-01 -1.810e-01 -1.090e-01
 -3.900e-02  2.600e-02  7.300e-02  9.000e-02  9.300e-02  9.100e-02
  8.100e-02  6.200e-02  4.500e-02  3.400e-02  2.700e-02  2.200e-02
  1.800e-02  1.500e-02  1.300e-02  1.100e-02  1.000e-02  9.000e-03
  8.000e-03  7.000e-03  6.000e-03  6.000e-03  5.000e-03  5.000e-03
  6.000e-03  4.000e-03][ 5.600e+02 -1.199e+00 -1.208e+00 -1.211e+00 -1.211e+00 -1.212e+00
 -1.212e+00 -1.213e+00 -1.213e+00 -1.213e+00 -1.214e+00 -1.214e+00
 -1.214e+00 -1.214e+00 -1.215e+00 -1.215e+00 -1.215e+00 -1.215e+00
 -1.215e+00 -1.215e+00 -1.216e+00 -1.216e+00 -1.216e+00 -1.215e+00
 -1.215e+00 -1.212e+00 -1.199e+00 -1.145e+00 -9.990e-01 -8.090e-01
 -6.300e-01 -4.800e-01 -3.590e-01 -2.610e-01 -1.800e-01 -1.070e-01
 -3.700e-02  2.700e-02  7.400e-02  8.900e-02  9.200e-02  9.100e-02
  8.000e-02  6.100e-02  4.500e-02  3.400e-02  2.700e-02  2.200e-02
  1.800e-02  1.500e-02  1.300e-02  1.100e-02  1.000e-02  9.000e-03
  8.000e-03  7.000e-03  6.000e-03  6.000e-03  5.000e-03  5.000e-03
  6.000e-03  4.000e-03][ 5.650e+02 -1.196e+00 -1.205e+00 -1.208e+00 -1.209e+00 -1.209e+00
 -1.209e+00 -1.210e+00 -1.210e+00 -1.210e+00 -1.211e+00 -1.211e+00
 -1.211e+00 -1.211e+00 -1.211e+00 -1.212e+00 -1.212e+00 -1.212e+00
 -1.212e+00 -1.212e+00 -1.212e+00 -1.212e+00 -1.212e+00 -1.211e+00
 -1.211e+00 -1.208e+00 -1.195e+00 -1.141e+00 -9.940e-01 -8.060e-01
 -6.280e-01 -4.780e-01 -3.570e-01 -2.590e-01 -1.780e-01 -1.060e-01
 -3.600e-02  2.800e-02  7.400e-02  8.900e-02  9.200e-02  9.000e-02
  7.900e-02  6.100e-02  4.400e-02  3.300e-02  2.600e-02  2.100e-02
  1.700e-02  1.500e-02  1.300e-02  1.100e-02  1.000e-02  8.000e-03
  7.000e-03  7.000e-03  6.000e-03  6.000e-03  5.000e-03  5.000e-03
  6.000e-03  4.000e-03][ 5.700e+02 -1.192e+00 -1.201e+00 -1.203e+00 -1.204e+00 -1.205e+00
 -1.205e+00 -1.205e+00 -1.206e+00 -1.206e+00 -1.206e+00 -1.206e+00
 -1.206e+00 -1.206e+00 -1.206e+00 -1.207e+00 -1.207e+00 -1.207e+00
 -1.207e+00 -1.206e+00 -1.206e+00 -1.206e+00 -1.206e+00 -1.205e+00
 -1.204e+00 -1.201e+00 -1.188e+00 -1.133e+00 -9.880e-01 -8.010e-01
 -6.240e-01 -4.750e-01 -3.550e-01 -2.570e-01 -1.770e-01 -1.050e-01
 -3.500e-02  2.900e-02  7.300e-02  8.800e-02  9.100e-02  8.900e-02
  7.900e-02  6.000e-02  4.400e-02  3.300e-02  2.600e-02  2.100e-02
  1.700e-02  1.400e-02  1.200e-02  1.100e-02  9.000e-03  8.000e-03
  7.000e-03  7.000e-03  6.000e-03  5.000e-03  5.000e-03  4.000e-03
  6.000e-03  4.000e-03][ 5.750e+02 -1.186e+00 -1.196e+00 -1.198e+00 -1.199e+00 -1.200e+00
 -1.200e+00 -1.201e+00 -1.201e+00 -1.201e+00 -1.201e+00 -1.201e+00
 -1.201e+00 -1.201e+00 -1.202e+00 -1.202e+00 -1.201e+00 -1.201e+00
 -1.201e+00 -1.201e+00 -1.201e+00 -1.201e+00 -1.200e+00 -1.200e+00
 -1.199e+00 -1.195e+00 -1.182e+00 -1.127e+00 -9.810e-01 -7.960e-01
 -6.210e-01 -4.730e-01 -3.530e-01 -2.550e-01 -1.750e-01 -1.030e-01
 -3.400e-02  2.900e-02  7.300e-02  8.700e-02  9.000e-02  8.800e-02
  7.800e-02  5.900e-02  4.300e-02  3.300e-02  2.500e-02  2.000e-02
  1.700e-02  1.400e-02  1.200e-02  1.000e-02  9.000e-03  8.000e-03
  7.000e-03  6.000e-03  6.000e-03  5.000e-03  5.000e-03  4.000e-03
  6.000e-03  4.000e-03][ 5.800e+02 -1.181e+00 -1.190e+00 -1.193e+00 -1.194e+00 -1.194e+00
 -1.195e+00 -1.195e+00 -1.195e+00 -1.196e+00 -1.196e+00 -1.196e+00
 -1.196e+00 -1.196e+00 -1.196e+00 -1.196e+00 -1.196e+00 -1.196e+00
 -1.196e+00 -1.196e+00 -1.196e+00 -1.195e+00 -1.195e+00 -1.194e+00
 -1.193e+00 -1.190e+00 -1.177e+00 -1.122e+00 -9.770e-01 -7.920e-01
 -6.170e-01 -4.700e-01 -3.500e-01 -2.540e-01 -1.740e-01 -1.030e-01
 -3.400e-02  2.900e-02  7.200e-02  8.700e-02  9.000e-02  8.800e-02
  7.700e-02  5.900e-02  4.300e-02  3.200e-02  2.500e-02  2.000e-02
  1.600e-02  1.400e-02  1.200e-02  1.000e-02  9.000e-03  8.000e-03
  7.000e-03  6.000e-03  5.000e-03  5.000e-03  4.000e-03  4.000e-03
  6.000e-03  3.000e-03][ 5.850e+02 -1.174e+00 -1.184e+00 -1.186e+00 -1.187e+00 -1.188e+00
 -1.189e+00 -1.189e+00 -1.190e+00 -1.190e+00 -1.190e+00 -1.190e+00
 -1.191e+00 -1.191e+00 -1.191e+00 -1.191e+00 -1.191e+00 -1.191e+00
 -1.191e+00 -1.190e+00 -1.190e+00 -1.190e+00 -1.189e+00 -1.189e+00
 -1.187e+00 -1.184e+00 -1.171e+00 -1.116e+00 -9.710e-01 -7.870e-01
 -6.130e-01 -4.670e-01 -3.470e-01 -2.510e-01 -1.720e-01 -1.010e-01
 -3.300e-02  2.800e-02  7.100e-02  8.600e-02  8.900e-02  8.700e-02
  7.600e-02  5.800e-02  4.200e-02  3.100e-02  2.400e-02  1.900e-02
  1.600e-02  1.300e-02  1.100e-02  1.000e-02  8.000e-03  7.000e-03
  6.000e-03  6.000e-03  5.000e-03  5.000e-03  4.000e-03  4.000e-03
  6.000e-03  3.000e-03][ 5.900e+02 -1.166e+00 -1.177e+00 -1.180e+00 -1.181e+00 -1.182e+00
 -1.182e+00 -1.183e+00 -1.184e+00 -1.184e+00 -1.184e+00 -1.185e+00
 -1.185e+00 -1.185e+00 -1.185e+00 -1.185e+00 -1.185e+00 -1.185e+00
 -1.185e+00 -1.185e+00 -1.184e+00 -1.184e+00 -1.184e+00 -1.183e+00
 -1.182e+00 -1.179e+00 -1.166e+00 -1.109e+00 -9.640e-01 -7.810e-01
 -6.080e-01 -4.620e-01 -3.430e-01 -2.470e-01 -1.690e-01 -1.000e-01
 -3.300e-02  2.700e-02  6.900e-02  8.400e-02  8.800e-02  8.600e-02
  7.500e-02  5.700e-02  4.100e-02  3.100e-02  2.300e-02  1.900e-02
  1.500e-02  1.200e-02  1.000e-02  9.000e-03  8.000e-03  7.000e-03
  6.000e-03  5.000e-03  5.000e-03  4.000e-03  4.000e-03  4.000e-03
  6.000e-03  3.000e-03][ 5.950e+02 -1.159e+00 -1.170e+00 -1.174e+00 -1.175e+00 -1.176e+00
 -1.177e+00 -1.177e+00 -1.178e+00 -1.178e+00 -1.179e+00 -1.179e+00
 -1.179e+00 -1.179e+00 -1.179e+00 -1.179e+00 -1.179e+00 -1.179e+00
 -1.179e+00 -1.179e+00 -1.178e+00 -1.178e+00 -1.177e+00 -1.177e+00
 -1.175e+00 -1.172e+00 -1.158e+00 -1.102e+00 -9.570e-01 -7.760e-01
 -6.020e-01 -4.560e-01 -3.380e-01 -2.420e-01 -1.660e-01 -9.800e-02
 -3.300e-02  2.600e-02  6.800e-02  8.300e-02  8.600e-02  8.400e-02
  7.400e-02  5.600e-02  4.000e-02  3.000e-02  2.200e-02  1.800e-02
  1.400e-02  1.200e-02  1.000e-02  8.000e-03  7.000e-03  6.000e-03
  6.000e-03  5.000e-03  4.000e-03  4.000e-03  4.000e-03  3.000e-03
  6.000e-03  3.000e-03][ 6.000e+02 -1.150e+00 -1.161e+00 -1.165e+00 -1.166e+00 -1.167e+00
 -1.168e+00 -1.168e+00 -1.169e+00 -1.169e+00 -1.169e+00 -1.170e+00
 -1.170e+00 -1.170e+00 -1.170e+00 -1.170e+00 -1.170e+00 -1.169e+00
 -1.169e+00 -1.168e+00 -1.168e+00 -1.167e+00 -1.166e+00 -1.165e+00
 -1.163e+00 -1.159e+00 -1.145e+00 -1.091e+00 -9.500e-01 -7.650e-01
 -5.900e-01 -4.440e-01 -3.280e-01 -2.350e-01 -1.610e-01 -9.500e-02
 -3.100e-02  2.700e-02  6.800e-02  8.200e-02  8.500e-02  8.300e-02
  7.300e-02  5.500e-02  3.900e-02  2.800e-02  2.100e-02  1.700e-02
  1.300e-02  1.100e-02  9.000e-03  8.000e-03  7.000e-03  6.000e-03
  5.000e-03  5.000e-03  4.000e-03  4.000e-03  3.000e-03  3.000e-03
  6.000e-03  3.000e-03][ 6.050e+02 -1.121e+00 -1.133e+00 -1.139e+00 -1.140e+00 -1.142e+00
 -1.143e+00 -1.145e+00 -1.145e+00 -1.146e+00 -1.147e+00 -1.147e+00
 -1.147e+00 -1.148e+00 -1.148e+00 -1.148e+00 -1.148e+00 -1.148e+00
 -1.147e+00 -1.147e+00 -1.146e+00 -1.145e+00 -1.144e+00 -1.143e+00
 -1.140e+00 -1.135e+00 -1.119e+00 -1.066e+00 -9.270e-01 -7.440e-01
 -5.700e-01 -4.270e-01 -3.140e-01 -2.230e-01 -1.550e-01 -9.200e-02
 -3.100e-02  2.600e-02  6.600e-02  8.100e-02  8.400e-02  8.200e-02
  7.100e-02  5.300e-02  3.700e-02  2.600e-02  2.000e-02  1.500e-02
  1.200e-02  1.000e-02  8.000e-03  7.000e-03  6.000e-03  5.000e-03
  5.000e-03  4.000e-03  4.000e-03  3.000e-03  3.000e-03  3.000e-03
  6.000e-03  3.000e-03][ 6.100e+02 -1.040e+00 -1.054e+00 -1.061e+00 -1.064e+00 -1.067e+00
 -1.068e+00 -1.071e+00 -1.072e+00 -1.074e+00 -1.076e+00 -1.077e+00
 -1.078e+00 -1.079e+00 -1.080e+00 -1.081e+00 -1.081e+00 -1.082e+00
 -1.082e+00 -1.082e+00 -1.082e+00 -1.081e+00 -1.081e+00 -1.080e+00
 -1.076e+00 -1.070e+00 -1.053e+00 -9.990e-01 -8.660e-01 -6.920e-01
 -5.290e-01 -3.960e-01 -2.920e-01 -2.090e-01 -1.460e-01 -8.900e-02
 -3.200e-02  2.200e-02  6.100e-02  7.500e-02  7.800e-02  7.600e-02
  6.600e-02  4.800e-02  3.300e-02  2.300e-02  1.700e-02  1.300e-02
  1.100e-02  9.000e-03  7.000e-03  6.000e-03  5.000e-03  5.000e-03
  4.000e-03  4.000e-03  3.000e-03  3.000e-03  3.000e-03  3.000e-03
  6.000e-03  2.000e-03][ 6.15e+02 -8.50e-01 -8.64e-01 -8.73e-01 -8.78e-01 -8.83e-01 -8.86e-01
 -8.91e-01 -8.93e-01 -8.96e-01 -8.98e-01 -9.00e-01 -9.02e-01 -9.05e-01
 -9.07e-01 -9.09e-01 -9.10e-01 -9.13e-01 -9.14e-01 -9.16e-01 -9.17e-01
 -9.18e-01 -9.19e-01 -9.20e-01 -9.16e-01 -9.10e-01 -8.92e-01 -8.44e-01
 -7.37e-01 -5.97e-01 -4.65e-01 -3.53e-01 -2.65e-01 -1.92e-01 -1.37e-01
 -8.60e-02 -3.80e-02  1.00e-02  4.50e-02  6.00e-02  6.40e-02  6.30e-02
  5.50e-02  4.00e-02  2.70e-02  2.00e-02  1.50e-02  1.10e-02  9.00e-03
  8.00e-03  6.00e-03  5.00e-03  5.00e-03  4.00e-03  4.00e-03  3.00e-03
  3.00e-03  3.00e-03  3.00e-03  2.00e-03  6.00e-03  2.00e-03][ 6.20e+02 -6.19e-01 -6.33e-01 -6.42e-01 -6.47e-01 -6.52e-01 -6.56e-01
 -6.60e-01 -6.63e-01 -6.66e-01 -6.68e-01 -6.71e-01 -6.72e-01 -6.74e-01
 -6.75e-01 -6.78e-01 -6.80e-01 -6.82e-01 -6.83e-01 -6.84e-01 -6.85e-01
 -6.87e-01 -6.88e-01 -6.89e-01 -6.85e-01 -6.78e-01 -6.61e-01 -6.26e-01
 -5.60e-01 -4.74e-01 -3.82e-01 -3.01e-01 -2.32e-01 -1.71e-01 -1.27e-01
 -8.50e-02 -4.60e-02 -9.00e-03  1.80e-02  3.30e-02  3.90e-02  4.00e-02
  3.60e-02  2.80e-02  2.00e-02  1.50e-02  1.20e-02  9.00e-03  7.00e-03
  6.00e-03  5.00e-03  5.00e-03  4.00e-03  3.00e-03  3.00e-03  3.00e-03
  3.00e-03  2.00e-03  2.00e-03  2.00e-03  6.00e-03  2.00e-03][ 6.25e+02 -4.50e-01 -4.61e-01 -4.70e-01 -4.75e-01 -4.80e-01 -4.83e-01
 -4.87e-01 -4.88e-01 -4.91e-01 -4.93e-01 -4.95e-01 -4.95e-01 -4.97e-01
 -4.98e-01 -4.99e-01 -5.00e-01 -5.02e-01 -5.03e-01 -5.04e-01 -5.04e-01
 -5.05e-01 -5.04e-01 -5.03e-01 -4.99e-01 -4.92e-01 -4.78e-01 -4.54e-01
 -4.14e-01 -3.63e-01 -3.05e-01 -2.49e-01 -1.98e-01 -1.51e-01 -1.16e-01
 -8.20e-02 -5.20e-02 -2.40e-02 -3.00e-03  1.00e-02  1.70e-02  2.00e-02
  2.00e-02  1.70e-02  1.30e-02  1.00e-02  8.00e-03  7.00e-03  6.00e-03
  5.00e-03  4.00e-03  4.00e-03  3.00e-03  3.00e-03  3.00e-03  2.00e-03
  2.00e-03  2.00e-03  2.00e-03  2.00e-03  6.00e-03  2.00e-03][ 6.30e+02 -3.38e-01 -3.47e-01 -3.55e-01 -3.60e-01 -3.63e-01 -3.66e-01
 -3.69e-01 -3.71e-01 -3.73e-01 -3.74e-01 -3.75e-01 -3.75e-01 -3.76e-01
 -3.77e-01 -3.78e-01 -3.79e-01 -3.79e-01 -3.80e-01 -3.80e-01 -3.80e-01
 -3.79e-01 -3.78e-01 -3.76e-01 -3.72e-01 -3.65e-01 -3.54e-01 -3.37e-01
 -3.11e-01 -2.79e-01 -2.42e-01 -2.04e-01 -1.68e-01 -1.32e-01 -1.05e-01
 -7.80e-02 -5.40e-02 -3.30e-02 -1.70e-02 -5.00e-03  2.00e-03  6.00e-03
  8.00e-03  8.00e-03  7.00e-03  6.00e-03  5.00e-03  4.00e-03  4.00e-03
  3.00e-03  3.00e-03  3.00e-03  2.00e-03  2.00e-03  2.00e-03  2.00e-03
  2.00e-03  2.00e-03  2.00e-03  2.00e-03  6.00e-03  2.00e-03][ 6.35e+02 -2.63e-01 -2.71e-01 -2.78e-01 -2.82e-01 -2.85e-01 -2.88e-01
 -2.90e-01 -2.91e-01 -2.93e-01 -2.94e-01 -2.94e-01 -2.95e-01 -2.96e-01
 -2.96e-01 -2.97e-01 -2.97e-01 -2.98e-01 -2.97e-01 -2.97e-01 -2.97e-01
 -2.96e-01 -2.95e-01 -2.92e-01 -2.88e-01 -2.82e-01 -2.73e-01 -2.60e-01
 -2.42e-01 -2.20e-01 -1.95e-01 -1.69e-01 -1.42e-01 -1.15e-01 -9.40e-02
 -7.30e-02 -5.40e-02 -3.80e-02 -2.40e-02 -1.40e-02 -6.00e-03 -2.00e-03
  0.00e+00  2.00e-03  2.00e-03  3.00e-03  2.00e-03  2.00e-03  2.00e-03
  2.00e-03  2.00e-03  2.00e-03  2.00e-03  2.00e-03  2.00e-03  2.00e-03
  1.00e-03  1.00e-03  1.00e-03  1.00e-03  6.00e-03  1.00e-03][ 6.40e+02 -2.10e-01 -2.17e-01 -2.23e-01 -2.27e-01 -2.30e-01 -2.32e-01
 -2.34e-01 -2.35e-01 -2.36e-01 -2.37e-01 -2.37e-01 -2.38e-01 -2.38e-01
 -2.38e-01 -2.39e-01 -2.39e-01 -2.39e-01 -2.39e-01 -2.39e-01 -2.38e-01
 -2.37e-01 -2.35e-01 -2.33e-01 -2.29e-01 -2.24e-01 -2.16e-01 -2.06e-01
 -1.93e-01 -1.77e-01 -1.59e-01 -1.41e-01 -1.21e-01 -1.00e-01 -8.40e-02
 -6.80e-02 -5.20e-02 -3.90e-02 -2.80e-02 -1.90e-02 -1.20e-02 -7.00e-03
 -4.00e-03 -2.00e-03 -0.00e+00  0.00e+00  0.00e+00  0.00e+00  1.00e-03
  1.00e-03  1.00e-03  1.00e-03  1.00e-03  1.00e-03  1.00e-03  1.00e-03
  1.00e-03  1.00e-03  1.00e-03  1.00e-03  6.00e-03  1.00e-03][ 6.45e+02 -1.73e-01 -1.79e-01 -1.84e-01 -1.87e-01 -1.90e-01 -1.92e-01
 -1.94e-01 -1.95e-01 -1.96e-01 -1.96e-01 -1.96e-01 -1.97e-01 -1.97e-01
 -1.98e-01 -1.98e-01 -1.98e-01 -1.98e-01 -1.98e-01 -1.97e-01 -1.96e-01
 -1.95e-01 -1.94e-01 -1.92e-01 -1.88e-01 -1.83e-01 -1.77e-01 -1.69e-01
 -1.59e-01 -1.47e-01 -1.34e-01 -1.19e-01 -1.04e-01 -8.80e-02 -7.60e-02
 -6.20e-02 -5.00e-02 -3.90e-02 -3.00e-02 -2.20e-02 -1.60e-02 -1.10e-02
 -7.00e-03 -5.00e-03 -3.00e-03 -2.00e-03 -1.00e-03 -0.00e+00 -0.00e+00
  0.00e+00  0.00e+00  0.00e+00  0.00e+00  0.00e+00  1.00e-03  1.00e-03
  1.00e-03  1.00e-03  1.00e-03  1.00e-03  6.00e-03  1.00e-03][ 6.50e+02 -1.43e-01 -1.47e-01 -1.51e-01 -1.54e-01 -1.57e-01 -1.58e-01
 -1.60e-01 -1.61e-01 -1.62e-01 -1.63e-01 -1.63e-01 -1.63e-01 -1.64e-01
 -1.64e-01 -1.64e-01 -1.64e-01 -1.64e-01 -1.63e-01 -1.63e-01 -1.62e-01
 -1.61e-01 -1.59e-01 -1.57e-01 -1.54e-01 -1.50e-01 -1.45e-01 -1.38e-01
 -1.30e-01 -1.22e-01 -1.11e-01 -1.01e-01 -8.90e-02 -7.60e-02 -6.70e-02
 -5.70e-02 -4.60e-02 -3.80e-02 -3.00e-02 -2.30e-02 -1.80e-02 -1.30e-02
 -1.00e-02 -7.00e-03 -5.00e-03 -4.00e-03 -2.00e-03 -2.00e-03 -1.00e-03
 -0.00e+00 -0.00e+00  0.00e+00  0.00e+00  0.00e+00  0.00e+00  0.00e+00
  0.00e+00  1.00e-03  1.00e-03  1.00e-03  6.00e-03  1.00e-03][ 6.55e+02 -1.20e-01 -1.24e-01 -1.27e-01 -1.30e-01 -1.32e-01 -1.34e-01
 -1.35e-01 -1.36e-01 -1.37e-01 -1.37e-01 -1.38e-01 -1.38e-01 -1.38e-01
 -1.38e-01 -1.38e-01 -1.38e-01 -1.38e-01 -1.38e-01 -1.37e-01 -1.36e-01
 -1.35e-01 -1.34e-01 -1.32e-01 -1.29e-01 -1.26e-01 -1.21e-01 -1.16e-01
 -1.10e-01 -1.03e-01 -9.50e-02 -8.60e-02 -7.70e-02 -6.70e-02 -6.00e-02
 -5.10e-02 -4.30e-02 -3.60e-02 -2.90e-02 -2.40e-02 -1.90e-02 -1.50e-02
 -1.10e-02 -9.00e-03 -7.00e-03 -5.00e-03 -4.00e-03 -3.00e-03 -2.00e-03
 -1.00e-03 -1.00e-03 -0.00e+00 -0.00e+00 -0.00e+00  0.00e+00  0.00e+00
  0.00e+00  0.00e+00  0.00e+00  0.00e+00  6.00e-03  1.00e-03][ 6.60e+02 -1.02e-01 -1.05e-01 -1.08e-01 -1.10e-01 -1.12e-01 -1.13e-01
 -1.15e-01 -1.16e-01 -1.16e-01 -1.17e-01 -1.17e-01 -1.17e-01 -1.18e-01
 -1.18e-01 -1.18e-01 -1.18e-01 -1.17e-01 -1.17e-01 -1.16e-01 -1.16e-01
 -1.15e-01 -1.13e-01 -1.11e-01 -1.09e-01 -1.06e-01 -1.02e-01 -9.80e-02
 -9.30e-02 -8.70e-02 -8.10e-02 -7.40e-02 -6.70e-02 -5.90e-02 -5.30e-02
 -4.60e-02 -3.90e-02 -3.40e-02 -2.80e-02 -2.30e-02 -1.90e-02 -1.50e-02
 -1.20e-02 -1.00e-02 -8.00e-03 -6.00e-03 -5.00e-03 -3.00e-03 -2.00e-03
 -2.00e-03 -1.00e-03 -1.00e-03  0.00e+00 -0.00e+00 -0.00e+00  0.00e+00
  0.00e+00  0.00e+00  0.00e+00  0.00e+00  6.00e-03  0.00e+00][ 6.65e+02 -8.70e-02 -9.00e-02 -9.20e-02 -9.40e-02 -9.60e-02 -9.70e-02
 -9.80e-02 -9.90e-02 -1.00e-01 -1.00e-01 -1.01e-01 -1.01e-01 -1.01e-01
 -1.02e-01 -1.01e-01 -1.01e-01 -1.01e-01 -1.01e-01 -1.00e-01 -9.90e-02
 -9.90e-02 -9.70e-02 -9.60e-02 -9.40e-02 -9.10e-02 -8.80e-02 -8.40e-02
 -8.00e-02 -7.60e-02 -7.00e-02 -6.50e-02 -5.90e-02 -5.20e-02 -4.80e-02
 -4.20e-02 -3.60e-02 -3.10e-02 -2.70e-02 -2.20e-02 -1.90e-02 -1.50e-02
 -1.30e-02 -1.00e-02 -8.00e-03 -6.00e-03 -5.00e-03 -4.00e-03 -3.00e-03
 -2.00e-03 -2.00e-03 -1.00e-03 -1.00e-03  0.00e+00 -0.00e+00 -0.00e+00
  0.00e+00  0.00e+00  0.00e+00  0.00e+00  6.00e-03  0.00e+00][ 6.7e+02 -7.5e-02 -7.7e-02 -8.0e-02 -8.1e-02 -8.3e-02 -8.4e-02 -8.5e-02
 -8.6e-02 -8.6e-02 -8.7e-02 -8.7e-02 -8.7e-02 -8.7e-02 -8.7e-02 -8.7e-02
 -8.7e-02 -8.7e-02 -8.7e-02 -8.6e-02 -8.5e-02 -8.5e-02 -8.3e-02 -8.2e-02
 -8.0e-02 -7.8e-02 -7.5e-02 -7.2e-02 -6.9e-02 -6.5e-02 -6.1e-02 -5.7e-02
 -5.2e-02 -4.6e-02 -4.2e-02 -3.8e-02 -3.3e-02 -2.9e-02 -2.5e-02 -2.1e-02
 -1.8e-02 -1.5e-02 -1.3e-02 -1.0e-02 -8.0e-03 -7.0e-03 -6.0e-03 -5.0e-03
 -4.0e-03 -3.0e-03 -2.0e-03 -2.0e-03 -1.0e-03 -1.0e-03 -0.0e+00 -0.0e+00
 -0.0e+00  0.0e+00  0.0e+00  0.0e+00  6.0e-03  0.0e+00][ 6.75e+02 -6.50e-02 -6.70e-02 -6.90e-02 -7.00e-02 -7.20e-02 -7.30e-02
 -7.40e-02 -7.40e-02 -7.50e-02 -7.50e-02 -7.60e-02 -7.60e-02 -7.60e-02
 -7.60e-02 -7.60e-02 -7.60e-02 -7.60e-02 -7.50e-02 -7.50e-02 -7.40e-02
 -7.40e-02 -7.30e-02 -7.10e-02 -6.90e-02 -6.80e-02 -6.50e-02 -6.30e-02
 -6.00e-02 -5.70e-02 -5.30e-02 -5.00e-02 -4.60e-02 -4.10e-02 -3.80e-02
 -3.40e-02 -3.00e-02 -2.70e-02 -2.30e-02 -2.00e-02 -1.70e-02 -1.50e-02
 -1.20e-02 -1.00e-02 -9.00e-03 -7.00e-03 -6.00e-03 -5.00e-03 -4.00e-03
 -3.00e-03 -2.00e-03 -2.00e-03 -1.00e-03 -1.00e-03 -0.00e+00 -0.00e+00
 -0.00e+00 -0.00e+00 -0.00e+00  0.00e+00  6.00e-03  0.00e+00][ 6.8e+02 -5.7e-02 -5.8e-02 -6.0e-02 -6.1e-02 -6.2e-02 -6.3e-02 -6.4e-02
 -6.5e-02 -6.5e-02 -6.6e-02 -6.6e-02 -6.6e-02 -6.6e-02 -6.6e-02 -6.6e-02
 -6.6e-02 -6.6e-02 -6.6e-02 -6.5e-02 -6.5e-02 -6.4e-02 -6.3e-02 -6.2e-02
 -6.1e-02 -5.9e-02 -5.7e-02 -5.5e-02 -5.2e-02 -5.0e-02 -4.7e-02 -4.4e-02
 -4.0e-02 -3.7e-02 -3.4e-02 -3.1e-02 -2.7e-02 -2.4e-02 -2.1e-02 -1.9e-02
 -1.6e-02 -1.4e-02 -1.2e-02 -1.0e-02 -8.0e-03 -7.0e-03 -6.0e-03 -5.0e-03
 -4.0e-03 -3.0e-03 -2.0e-03 -2.0e-03 -1.0e-03 -1.0e-03 -1.0e-03 -0.0e+00
 -0.0e+00 -0.0e+00 -0.0e+00 -0.0e+00  6.0e-03  0.0e+00][ 6.85e+02 -5.00e-02 -5.10e-02 -5.30e-02 -5.40e-02 -5.50e-02 -5.60e-02
 -5.60e-02 -5.70e-02 -5.70e-02 -5.80e-02 -5.80e-02 -5.80e-02 -5.80e-02
 -5.80e-02 -5.80e-02 -5.80e-02 -5.80e-02 -5.80e-02 -5.70e-02 -5.70e-02
 -5.60e-02 -5.50e-02 -5.40e-02 -5.30e-02 -5.10e-02 -5.00e-02 -4.80e-02
 -4.60e-02 -4.40e-02 -4.10e-02 -3.90e-02 -3.60e-02 -3.30e-02 -3.00e-02
 -2.80e-02 -2.50e-02 -2.20e-02 -2.00e-02 -1.70e-02 -1.50e-02 -1.30e-02
 -1.10e-02 -1.00e-02 -8.00e-03 -7.00e-03 -6.00e-03 -5.00e-03 -4.00e-03
 -3.00e-03 -3.00e-03 -2.00e-03 -2.00e-03 -1.00e-03 -1.00e-03 -0.00e+00
 -0.00e+00  0.00e+00 -0.00e+00 -0.00e+00  6.00e-03  0.00e+00]